"Date","Price","Open","High","Low","Change %"
"Jan 29, 2023","1.998","2.144","2.264","1.985","-8.20%"
"Jan 22, 2023","2.177","2.149","2.224","2.064","0.74%"
"Jan 15, 2023","2.161","2.166","2.195","1.965","1.17%"
"Jan 08, 2023","2.136","2.227","2.311","2.072","-3.65%"
"Jan 01, 2023","2.217","2.542","2.542","2.198","-12.27%"
"Dec 25, 2022","2.527","2.407","2.534","2.407","4.94%"
"Dec 18, 2022","2.408","2.178","2.420","2.165","9.60%"
"Dec 11, 2022","2.197","1.886","2.250","1.804","16.68%"
"Dec 04, 2022","1.883","1.822","1.902","1.706","3.23%"
"Nov 27, 2022","1.824","1.977","2.018","1.689","-7.27%"
"Nov 20, 2022","1.967","1.960","1.998","1.794","0.41%"
"Nov 13, 2022","1.959","2.071","2.088","1.891","-5.27%"
"Nov 06, 2022","2.068","2.141","2.240","1.870","-3.41%"
"Oct 30, 2022","2.141","1.958","2.175","1.848","10.19%"
"Oct 23, 2022","1.943","2.178","2.193","1.782","-11.32%"
"Oct 16, 2022","2.191","2.081","2.327","1.965","4.58%"
"Oct 09, 2022","2.095","2.003","2.144","1.900","3.97%"
"Oct 02, 2022","2.015","1.934","2.040","1.554","4.03%"
"Sep 25, 2022","1.937","2.057","2.214","1.893","-2.57%"
"Sep 18, 2022","1.988","1.617","2.091","1.598","21.74%"
"Sep 11, 2022","1.633","1.494","1.691","1.424","9.45%"
"Sep 04, 2022","1.492","1.290","1.613","1.230","15.30%"
"Aug 28, 2022","1.294","1.294","1.452","1.209","12.03%"
"Aug 21, 2022","1.155","0.998","1.211","0.936","15.85%"
"Aug 14, 2022","0.997","0.721","1.009","0.624","38.28%"
"Aug 07, 2022","0.721","0.687","0.738","0.581","4.19%"
"Jul 31, 2022","0.692","0.518","0.694","0.385","31.56%"
"Jul 24, 2022","0.526","0.754","0.807","0.484","-28.44%"
"Jul 17, 2022","0.735","0.824","1.138","0.704","-10.37%"
"Jul 10, 2022","0.820","0.981","0.982","0.729","-16.92%"
"Jul 03, 2022","0.987","0.944","1.074","0.734","5.45%"
"Jun 26, 2022","0.936","1.216","1.472","0.855","-23.28%"
"Jun 19, 2022","1.220","1.493","1.613","1.138","-18.83%"
"Jun 12, 2022","1.503","1.368","1.742","1.338","11.66%"
"Jun 05, 2022","1.346","1.060","1.353","1.033","27.46%"
"May 29, 2022","1.056","0.718","1.066","0.717","47.08%"
"May 22, 2022","0.718","0.708","0.810","0.646","1.13%"
"May 15, 2022","0.710","0.662","0.858","0.645","6.45%"
"May 08, 2022","0.667","0.895","0.932","0.573","-27.42%"
"May 01, 2022","0.919","0.733","0.933","0.682","25.72%"
"Apr 24, 2022","0.731","0.804","0.804","0.562","-7.70%"
"Apr 17, 2022","0.792","0.652","0.801","0.625","23.75%"
"Apr 10, 2022","0.640","0.596","0.710","0.565","13.68%"
"Apr 03, 2022","0.563","0.435","0.574","0.334","33.73%"
"Mar 27, 2022","0.421","0.401","0.575","0.362","18.26%"
"Mar 20, 2022","0.356","0.151","0.364","0.135","201.69%"
"Mar 13, 2022","0.118","0.052","0.163","0.033","202.56%"
"Mar 06, 2022","0.039","-0.336","0.083","-0.374","-110.63%"
"Feb 27, 2022","-0.367","-0.074","-0.003","-0.375","-1,629.17%"
"Feb 20, 2022","0.024","-0.034","0.075","-0.086","-220.00%"
"Feb 13, 2022","-0.020","0.082","0.086","-0.033","-124.69%"
"Feb 06, 2022","0.081","0.033","0.141","0.003","138.24%"
"Jan 30, 2022","0.034","-0.314","0.053","-0.314","-110.83%"
"Jan 23, 2022","-0.314","-0.343","-0.286","-0.400","-7.37%"
"Jan 16, 2022","-0.339","-0.302","-0.261","-0.366","3.67%"
"Jan 09, 2022","-0.327","-0.327","-0.299","-0.382","-1.51%"
"Jan 02, 2022","-0.332","-0.429","-0.318","-0.429","-22.07%"
"Dec 26, 2021","-0.426","-0.490","-0.408","-0.494","-11.62%"
"Dec 19, 2021","-0.482","-0.591","-0.471","-0.619","-18.58%"
"Dec 12, 2021","-0.592","-0.559","-0.513","-0.599","5.34%"
"Dec 05, 2021","-0.562","-0.607","-0.514","-0.623","-6.49%"
"Nov 28, 2021","-0.601","-0.593","-0.539","-0.629","-2.12%"
"Nov 21, 2021","-0.614","-0.606","-0.500","-0.619","1.49%"
"Nov 14, 2021","-0.605","-0.539","-0.490","-0.615","13.72%"
"Nov 07, 2021","-0.532","-0.551","-0.493","-0.578","-3.97%"
"Oct 31, 2021","-0.554","-0.365","-0.328","-0.564","60.58%"
"Oct 24, 2021","-0.345","-0.381","-0.324","-0.455","-8.00%"
"Oct 17, 2021","-0.375","-0.448","-0.348","-0.470","-20.89%"
"Oct 10, 2021","-0.474","-0.466","-0.405","-0.496","0.21%"
"Oct 03, 2021","-0.473","-0.531","-0.467","-0.541","-10.59%"
"Sep 26, 2021","-0.529","-0.530","-0.476","-0.547","1.15%"
"Sep 19, 2021","-0.523","-0.575","-0.514","-0.621","-8.89%"
"Sep 12, 2021","-0.574","-0.610","-0.559","-0.627","-6.06%"
"Sep 05, 2021","-0.611","-0.646","-0.589","-0.651","-4.98%"
"Aug 29, 2021","-0.643","-0.688","-0.626","-0.701","-5.99%"
"Aug 22, 2021","-0.684","-0.716","-0.660","-0.737","-6.81%"
"Aug 15, 2021","-0.734","-0.709","-0.695","-0.741","4.11%"
"Aug 08, 2021","-0.705","-0.716","-0.686","-0.729","-0.70%"
"Aug 01, 2021","-0.710","-0.721","-0.703","-0.771","-1.80%"
"Jul 25, 2021","-0.723","-0.668","-0.661","-0.726","6.79%"
"Jul 18, 2021","-0.677","-0.607","-0.605","-0.687","10.62%"
"Jul 11, 2021","-0.612","-0.558","-0.554","-0.617","6.07%"
"Jul 04, 2021","-0.577","-0.528","-0.486","-0.616","8.46%"
"Jun 27, 2021","-0.532","-0.470","-0.459","-0.540","12.24%"
"Jun 20, 2021","-0.474","-0.501","-0.464","-0.526","-8.32%"
"Jun 13, 2021","-0.517","-0.562","-0.486","-0.594","-11.77%"
"Jun 06, 2021","-0.586","-0.544","-0.530","-0.604","6.55%"
"May 30, 2021","-0.550","-0.513","-0.492","-0.554","5.57%"
"May 23, 2021","-0.521","-0.481","-0.463","-0.539","10.15%"
"May 16, 2021","-0.473","-0.472","-0.426","-0.483","1.94%"
"May 09, 2021","-0.464","-0.536","-0.444","-0.547","-15.02%"
"May 02, 2021","-0.546","-0.531","-0.496","-0.576","3.02%"
"Apr 25, 2021","-0.530","-0.559","-0.504","-0.572","-6.03%"
"Apr 18, 2021","-0.564","-0.576","-0.526","-0.587","-1.23%"
"Apr 11, 2021","-0.571","-0.599","-0.556","-0.622","-3.71%"
"Apr 04, 2021","-0.593","-0.619","-0.584","-0.640","-4.66%"
"Mar 28, 2021","-0.622","-0.645","-0.570","-0.655","-3.42%"
"Mar 21, 2021","-0.644","-0.619","-0.603","-0.670","6.62%"
"Mar 14, 2021","-0.604","-0.591","-0.562","-0.628","4.32%"
"Mar 07, 2021","-0.579","-0.569","-0.550","-0.623","0.35%"
"Feb 28, 2021","-0.577","-0.556","-0.523","-0.617","9.90%"
"Feb 21, 2021","-0.525","-0.554","-0.480","-0.616","-9.95%"
"Feb 14, 2021","-0.583","-0.664","-0.577","-0.666","-12.59%"
"Feb 07, 2021","-0.667","-0.659","-0.646","-0.705","-0.30%"
"Jan 31, 2021","-0.669","-0.729","-0.645","-0.736","-7.85%"
"Jan 24, 2021","-0.726","-0.709","-0.707","-0.765","2.11%"
"Jan 17, 2021","-0.711","-0.733","-0.684","-0.741","-3.00%"
"Jan 10, 2021","-0.733","-0.718","-0.661","-0.750","2.66%"
"Jan 03, 2021","-0.714","-0.736","-0.696","-0.770","-3.38%"
"Dec 27, 2020","-0.739","-0.715","-0.712","-0.749","3.21%"
"Dec 20, 2020","-0.716","-0.767","-0.703","-0.782","-3.89%"
"Dec 13, 2020","-0.745","-0.800","-0.726","-0.812","-8.25%"
"Dec 06, 2020","-0.812","-0.749","-0.739","-0.817","10.33%"
"Nov 29, 2020","-0.736","-0.768","-0.700","-0.772","-3.29%"
"Nov 22, 2020","-0.761","-0.763","-0.732","-0.770","-0.13%"
"Nov 15, 2020","-0.762","-0.738","-0.703","-0.766","4.10%"
"Nov 08, 2020","-0.732","-0.799","-0.668","-0.817","-8.04%"
"Nov 01, 2020","-0.796","-0.825","-0.786","-0.843","-2.21%"
"Oct 25, 2020","-0.814","-0.782","-0.751","-0.832","5.99%"
"Oct 18, 2020","-0.768","-0.803","-0.749","-0.817","-4.60%"
"Oct 11, 2020","-0.805","-0.729","-0.725","-0.813","10.12%"
"Oct 04, 2020","-0.731","-0.726","-0.682","-0.752","0.69%"
"Sep 27, 2020","-0.726","-0.668","-0.659","-0.739","1.40%"
"Sep 20, 2020","-0.716","-0.688","-0.678","-0.735","4.83%"
"Sep 13, 2020","-0.683","-0.691","-0.662","-0.710","-0.58%"
"Sep 06, 2020","-0.687","-0.678","-0.635","-0.721","-0.58%"
"Aug 30, 2020","-0.691","-0.636","-0.604","-0.714","8.82%"
"Aug 23, 2020","-0.635","-0.701","-0.605","-0.707","-9.29%"
"Aug 16, 2020","-0.700","-0.622","-0.620","-0.717","12.36%"
"Aug 09, 2020","-0.623","-0.708","-0.604","-0.734","-11.00%"
"Aug 02, 2020","-0.700","-0.726","-0.681","-0.755","-3.85%"
"Jul 26, 2020","-0.728","-0.642","-0.632","-0.751","13.04%"
"Jul 19, 2020","-0.644","-0.646","-0.609","-0.699","-1.68%"
"Jul 12, 2020","-0.655","-0.667","-0.618","-0.685","-3.25%"
"Jul 05, 2020","-0.677","-0.642","-0.635","-0.693","3.36%"
"Jun 28, 2020","-0.655","-0.692","-0.608","-0.701","-6.03%"
"Jun 21, 2020","-0.697","-0.632","-0.612","-0.697","9.94%"
"Jun 14, 2020","-0.634","-0.645","-0.589","-0.659","1.12%"
"Jun 07, 2020","-0.627","-0.518","-0.504","-0.638","21.46%"
"May 31, 2020","-0.516","-0.627","-0.497","-0.632","-18.57%"
"May 24, 2020","-0.634","-0.674","-0.577","-0.686","-5.57%"
"May 17, 2020","-0.671","-0.729","-0.631","-0.752","-6.82%"
"May 10, 2020","-0.720","-0.726","-0.674","-0.751","-2.36%"
"May 03, 2020","-0.738","-0.758","-0.683","-0.784","-3.40%"
"Apr 26, 2020","-0.764","-0.658","-0.610","-0.766","16.08%"
"Apr 19, 2020","-0.658","-0.651","-0.566","-0.671","1.83%"
"Apr 12, 2020","-0.646","-0.534","-0.522","-0.658","17.43%"
"Apr 05, 2020","-0.550","-0.586","-0.497","-0.616","-9.30%"
"Mar 29, 2020","-0.607","-0.633","-0.562","-0.701","-3.76%"
"Mar 22, 2020","-0.630","-0.516","-0.431","-0.659","22.50%"
"Mar 15, 2020","-0.515","-0.801","-0.364","-0.802","-31.98%"
"Mar 08, 2020","-0.757","-0.866","-0.738","-1.044","-13.11%"
"Mar 01, 2020","-0.871","-0.781","-0.740","-0.893","13.97%"
"Feb 23, 2020","-0.764","-0.635","-0.627","-0.782","25.68%"
"Feb 16, 2020","-0.608","-0.597","-0.584","-0.635","0.55%"
"Feb 09, 2020","-0.604","-0.582","-0.566","-0.612","2.81%"
"Feb 02, 2020","-0.588","-0.634","-0.554","-0.640","-6.70%"
"Jan 26, 2020","-0.630","-0.552","-0.540","-0.641","15.87%"
"Jan 19, 2020","-0.544","-0.461","-0.443","-0.545","18.26%"
"Jan 12, 2020","-0.460","-0.447","-0.409","-0.469","2.66%"
"Jan 05, 2020","-0.448","-0.503","-0.416","-0.516","-9.62%"
"Dec 29, 2019","-0.496","-0.467","-0.386","-0.510","5.92%"
"Dec 22, 2019","-0.468","-0.469","-0.453","-0.485","0.45%"
"Dec 15, 2019","-0.466","-0.488","-0.432","-0.514","-5.76%"
"Dec 08, 2019","-0.494","-0.502","-0.437","-0.549","-0.86%"
"Dec 01, 2019","-0.499","-0.538","-0.487","-0.585","-11.83%"
"Nov 24, 2019","-0.566","-0.566","-0.548","-0.590","-0.42%"
"Nov 17, 2019","-0.568","-0.567","-0.522","-0.594","1.30%"
"Nov 10, 2019","-0.561","-0.509","-0.483","-0.577","10.83%"
"Nov 03, 2019","-0.506","-0.591","-0.473","-0.595","-15.16%"
"Oct 27, 2019","-0.596","-0.583","-0.554","-0.621","1.05%"
"Oct 20, 2019","-0.590","-0.600","-0.574","-0.632","-2.41%"
"Oct 13, 2019","-0.605","-0.690","-0.573","-0.711","-11.23%"
"Oct 06, 2019","-0.681","-0.790","-0.658","-0.801","-13.72%"
"Sep 29, 2019","-0.789","-0.769","-0.729","-0.805","2.96%"
"Sep 22, 2019","-0.767","-0.723","-0.702","-0.786","7.27%"
"Sep 15, 2019","-0.715","-0.706","-0.683","-0.725","3.67%"
"Sep 08, 2019","-0.689","-0.874","-0.678","-0.882","-21.04%"
"Sep 01, 2019","-0.873","-0.912","-0.823","-0.955","-4.36%"
"Aug 25, 2019","-0.913","-0.899","-0.859","-0.923","3.01%"
"Aug 18, 2019","-0.886","-0.884","-0.821","-0.919","-0.66%"
"Aug 11, 2019","-0.892","-0.818","-0.816","-0.911","9.28%"
"Aug 04, 2019","-0.816","-0.753","-0.736","-0.832","11.20%"
"Jul 28, 2019","-0.734","-0.666","-0.658","-0.740","11.82%"
"Jul 21, 2019","-0.657","-0.633","-0.625","-0.712","3.09%"
"Jul 14, 2019","-0.637","-0.537","-0.536","-0.644","11.62%"
"Jul 07, 2019","-0.571","-0.650","-0.553","-0.664","-10.97%"
"Jun 30, 2019","-0.641","-0.618","-0.610","-0.680","2.22%"
"Jun 23, 2019","-0.627","-0.599","-0.577","-0.632","5.66%"
"Jun 16, 2019","-0.593","-0.563","-0.554","-0.655","4.55%"
"Jun 09, 2019","-0.568","-0.560","-0.542","-0.586","-0.37%"
"Jun 02, 2019","-0.570","-0.545","-0.506","-0.578","5.17%"
"May 26, 2019","-0.542","-0.476","-0.470","-0.558","13.85%"
"May 19, 2019","-0.476","-0.466","-0.433","-0.486","1.71%"
"May 12, 2019","-0.468","-0.427","-0.414","-0.499","11.14%"
"May 05, 2019","-0.421","-0.385","-0.362","-0.444","15.89%"
"Apr 28, 2019","-0.363","-0.390","-0.337","-0.391","-7.70%"
"Apr 21, 2019","-0.394","-0.347","-0.328","-0.400","11.35%"
"Apr 14, 2019","-0.353","-0.322","-0.293","-0.359","8.77%"
"Apr 07, 2019","-0.325","-0.373","-0.318","-0.404","-10.12%"
"Mar 31, 2019","-0.361","-0.396","-0.347","-0.412","-13.06%"
"Mar 24, 2019","-0.416","-0.363","-0.344","-0.439","15.53%"
"Mar 17, 2019","-0.360","-0.290","-0.258","-0.374","22.37%"
"Mar 10, 2019","-0.294","-0.308","-0.277","-0.323","-2.74%"
"Mar 03, 2019","-0.302","-0.205","-0.203","-0.333","39.55%"
"Feb 24, 2019","-0.217","-0.292","-0.201","-0.301","-27.60%"
"Feb 17, 2019","-0.299","-0.292","-0.253","-0.316","2.29%"
"Feb 10, 2019","-0.293","-0.306","-0.259","-0.307","-3.81%"
"Feb 03, 2019","-0.304","-0.246","-0.209","-0.315","23.31%"
"Jan 27, 2019","-0.247","-0.234","-0.203","-0.257","7.49%"
"Jan 20, 2019","-0.229","-0.190","-0.181","-0.254","24.32%"
"Jan 13, 2019","-0.185","-0.214","-0.176","-0.252","-8.88%"
"Jan 06, 2019","-0.203","-0.186","-0.149","-0.221","8.40%"
"Dec 30, 2018","-0.187","-0.161","-0.152","-0.243","14.73%"
"Dec 23, 2018","-0.163","-0.145","-0.135","-0.183","14.56%"
"Dec 16, 2018","-0.142","-0.146","-0.127","-0.184","-5.01%"
"Dec 09, 2018","-0.150","-0.171","-0.087","-0.171","-3.48%"
"Dec 02, 2018","-0.155","-0.086","-0.080","-0.186","-12.62%"
"Nov 25, 2018","-0.177","-0.132","-0.111","-0.185","26.79%"
"Nov 18, 2018","-0.140","-0.127","-0.093","-0.150","13.27%"
"Nov 11, 2018","-0.124","-0.067","-0.062","-0.145","67.03%"
"Nov 04, 2018","-0.074","-0.059","-0.021","-0.086","9.96%"
"Oct 28, 2018","-0.067","-0.111","-0.046","-0.125","-38.54%"
"Oct 21, 2018","-0.109","-0.019","0.001","-0.134","515.17%"
"Oct 14, 2018","-0.018","0.014","0.036","-0.094","-217.88%"
"Oct 07, 2018","0.015","0.085","0.094","0.001","-82.98%"
"Sep 30, 2018","0.089","0.013","0.093","-0.059","483.55%"
"Sep 23, 2018","0.015","-0.026","0.080","-0.034","-165.24%"
"Sep 16, 2018","-0.023","-0.044","0.016","-0.048","-43.72%"
"Sep 09, 2018","-0.041","-0.090","-0.021","-0.099","-53.17%"
"Sep 02, 2018","-0.088","-0.140","-0.075","-0.158","-38.70%"
"Aug 26, 2018","-0.144","-0.136","-0.072","-0.151","4.27%"
"Aug 19, 2018","-0.138","-0.189","-0.119","-0.197","-25.76%"
"Aug 12, 2018","-0.186","-0.163","-0.150","-0.206","16.73%"
"Aug 05, 2018","-0.160","-0.053","-0.053","-0.172","117.74%"
"Jul 29, 2018","-0.073","-0.078","0.005","-0.091","-10.17%"
"Jul 22, 2018","-0.082","-0.105","-0.062","-0.111","-25.68%"
"Jul 15, 2018","-0.110","-0.209","-0.103","-0.211","-47.49%"
"Jul 08, 2018","-0.209","-0.199","-0.171","-0.227","1.80%"
"Jul 01, 2018","-0.205","-0.202","-0.155","-0.225","1.43%"
"Jun 24, 2018","-0.203","-0.198","-0.138","-0.218","9.11%"
"Jun 17, 2018","-0.186","-0.121","-0.105","-0.213","65.71%"
"Jun 10, 2018","-0.112","-0.056","0.010","-0.149","37.76%"
"Jun 03, 2018","-0.081","-0.101","0.009","-0.146","-25.34%"
"May 27, 2018","-0.109","-0.075","-0.043","-0.318","7.08%"
"May 20, 2018","-0.102","0.066","0.071","-0.116","-254.32%"
"May 13, 2018","0.066","0.059","0.137","0.049","18.95%"
"May 06, 2018","0.055","0.041","0.079","0.025","31.90%"
"Apr 29, 2018","0.042","0.075","0.094","0.020","-40.85%"
"Apr 22, 2018","0.071","0.103","0.142","0.063","-14.15%"
"Apr 15, 2018","0.083","0.029","0.106","0.010","237.55%"
"Apr 08, 2018","0.024","0.013","0.058","0.008","111.21%"
"Apr 01, 2018","0.012","-0.004","0.043","-0.007","107.14%"
"Mar 25, 2018","0.006","0.045","0.066","-0.010","-86.47%"
"Mar 18, 2018","0.041","0.079","0.120","0.021","-48.64%"
"Mar 11, 2018","0.081","0.161","0.162","0.069","-43.68%"
"Mar 04, 2018","0.143","0.119","0.222","0.100","-0.83%"
"Feb 25, 2018","0.144","0.146","0.194","0.113","-7.02%"
"Feb 18, 2018","0.155","0.216","0.252","0.148","-24.07%"
"Feb 11, 2018","0.204","0.162","0.278","0.119","41.85%"
"Feb 04, 2018","0.144","0.167","0.204","0.079","-15.43%"
"Jan 28, 2018","0.170","0.112","0.179","0.099","83.82%"
"Jan 21, 2018","0.093","-0.006","0.097","-0.036","-1,816.67%"
"Jan 14, 2018","-0.005","-0.002","0.026","-0.024","200.00%"
"Jan 07, 2018","-0.002","-0.090","0.033","-0.119","-97.99%"
"Dec 31, 2017","-0.090","-0.095","-0.065","-0.112","-6.96%"
"Dec 24, 2017","-0.096","-0.092","-0.075","-0.124","-1.74%"
"Dec 17, 2017","-0.098","-0.218","-0.095","-0.222","-55.42%"
"Dec 10, 2017","-0.220","-0.245","-0.192","-0.259","-8.65%"
"Dec 03, 2017","-0.240","-0.211","-0.204","-0.271","1.56%"
"Nov 26, 2017","-0.237","-0.202","-0.154","-0.249","14.85%"
"Nov 19, 2017","-0.206","-0.242","-0.187","-0.243","-10.70%"
"Nov 12, 2017","-0.231","-0.206","-0.184","-0.245","13.98%"
"Nov 05, 2017","-0.203","-0.233","-0.199","-0.279","-12.49%"
"Oct 29, 2017","-0.231","-0.224","-0.202","-0.242","0.56%"
"Oct 22, 2017","-0.230","-0.157","-0.105","-0.233","50.69%"
"Oct 15, 2017","-0.153","-0.190","-0.147","-0.239","-22.76%"
"Oct 08, 2017","-0.198","-0.145","-0.131","-0.200","37.96%"
"Oct 01, 2017","-0.143","-0.131","-0.103","-0.198","-3.70%"
"Sep 24, 2017","-0.149","-0.151","-0.101","-0.201","0.81%"
"Sep 17, 2017","-0.148","-0.163","-0.118","-0.175","-10.92%"
"Sep 10, 2017","-0.166","-0.267","-0.147","-0.272","-40.46%"
"Sep 03, 2017","-0.278","-0.245","-0.227","-0.300","18.17%"
"Aug 27, 2017","-0.235","-0.209","-0.202","-0.273","11.51%"
"Aug 20, 2017","-0.211","-0.172","-0.162","-0.226","25.94%"
"Aug 13, 2017","-0.168","-0.188","-0.131","-0.198","-15.30%"
"Aug 06, 2017","-0.198","-0.117","-0.101","-0.207","55.91%"
"Jul 30, 2017","-0.127","-0.073","-0.046","-0.137","99.69%"
"Jul 23, 2017","-0.064","-0.072","-0.019","-0.092","-11.67%"
"Jul 16, 2017","-0.072","0.005","0.009","-0.085","-3,528.57%"
"Jul 09, 2017","0.002","0.011","0.026","-0.052","-86.54%"
"Jul 02, 2017","0.016","-0.063","0.036","-0.110","-119.07%"
"Jun 25, 2017","-0.082","-0.255","-0.059","-0.280","-67.63%"
"Jun 18, 2017","-0.253","-0.269","-0.222","-0.289","-6.30%"
"Jun 11, 2017","-0.270","-0.299","-0.216","-0.314","-8.82%"
"Jun 04, 2017","-0.296","-0.286","-0.259","-0.311","-0.67%"
"May 28, 2017","-0.298","-0.235","-0.226","-0.301","24.86%"
"May 21, 2017","-0.238","-0.194","-0.150","-0.240","23.32%"
"May 14, 2017","-0.193","-0.170","-0.128","-0.244","10.01%"
"May 07, 2017","-0.176","-0.144","-0.110","-0.185","16.04%"
"Apr 30, 2017","-0.152","-0.233","-0.142","-0.250","-36.61%"
"Apr 23, 2017","-0.239","-0.233","-0.155","-0.264","-23.69%"
"Apr 16, 2017","-0.313","-0.397","-0.303","-0.416","-19.84%"
"Apr 09, 2017","-0.391","-0.340","-0.334","-0.415","10.84%"
"Apr 02, 2017","-0.352","-0.273","-0.272","-0.380","25.58%"
"Mar 26, 2017","-0.281","-0.217","-0.177","-0.285","36.20%"
"Mar 19, 2017","-0.206","-0.206","-0.145","-0.230","1.63%"
"Mar 12, 2017","-0.203","-0.167","-0.147","-0.257","18.87%"
"Mar 05, 2017","-0.171","-0.300","-0.145","-0.343","-41.46%"
"Feb 26, 2017","-0.291","-0.468","-0.284","-0.478","-38.33%"
"Feb 19, 2017","-0.472","-0.326","-0.324","-0.482","37.88%"
"Feb 12, 2017","-0.343","-0.314","-0.276","-0.351","5.67%"
"Feb 05, 2017","-0.324","-0.209","-0.207","-0.339","48.76%"
"Jan 29, 2017","-0.218","-0.157","-0.130","-0.225","36.34%"
"Jan 22, 2017","-0.160","-0.246","-0.141","-0.270","-28.04%"
"Jan 15, 2017","-0.222","-0.304","-0.214","-0.358","-21.71%"
"Jan 08, 2017","-0.284","-0.257","-0.242","-0.317","11.12%"
"Jan 01, 2017","-0.255","-0.338","-0.244","-0.375","-23.67%"
"Dec 25, 2016","-0.335","-0.307","-0.304","-0.365","6.09%"
"Dec 18, 2016","-0.315","-0.247","-0.243","-0.315","23.59%"
"Dec 11, 2016","-0.255","-0.207","-0.177","-0.271","13.83%"
"Dec 04, 2016","-0.224","-0.249","-0.089","-0.253","-2.90%"
"Nov 27, 2016","-0.231","-0.363","-0.173","-0.384","-32.82%"
"Nov 20, 2016","-0.344","-0.287","-0.259","-0.363","21.41%"
"Nov 13, 2016","-0.283","-0.230","-0.196","-0.296","9.90%"
"Nov 06, 2016","-0.258","-0.343","-0.233","-0.417","-29.87%"
"Oct 30, 2016","-0.367","-0.335","-0.301","-0.379","13.72%"
"Oct 23, 2016","-0.323","-0.451","-0.296","-0.467","-27.85%"
"Oct 16, 2016","-0.448","-0.417","-0.391","-0.462","5.56%"
"Oct 09, 2016","-0.424","-0.448","-0.403","-0.457","-4.65%"
"Oct 02, 2016","-0.445","-0.534","-0.430","-0.547","-17.83%"
"Sep 25, 2016","-0.541","-0.513","-0.504","-0.591","5.99%"
"Sep 18, 2016","-0.511","-0.461","-0.447","-0.529","9.71%"
"Sep 11, 2016","-0.465","-0.438","-0.397","-0.487","4.16%"
"Sep 04, 2016","-0.447","-0.480","-0.435","-0.553","-5.84%"
"Aug 28, 2016","-0.475","-0.447","-0.438","-0.501","-0.67%"
"Aug 21, 2016","-0.478","-0.469","-0.464","-0.517","1.10%"
"Aug 14, 2016","-0.473","-0.519","-0.462","-0.527","-9.81%"
"Aug 07, 2016","-0.524","-0.485","-0.473","-0.541","5.79%"
"Jul 31, 2016","-0.495","-0.516","-0.446","-0.525","-5.60%"
"Jul 24, 2016","-0.525","-0.475","-0.452","-0.528","10.00%"
"Jul 17, 2016","-0.477","-0.494","-0.435","-0.521","-0.83%"
"Jul 10, 2016","-0.481","-0.564","-0.470","-0.579","-14.49%"
"Jul 03, 2016","-0.563","-0.502","-0.487","-0.569","12.19%"
"Jun 26, 2016","-0.501","-0.467","-0.452","-0.514","8.46%"
"Jun 19, 2016","-0.462","-0.384","-0.326","-0.552","14.32%"
"Jun 12, 2016","-0.404","-0.359","-0.347","-0.426","13.72%"
"Jun 05, 2016","-0.356","-0.332","-0.317","-0.363","7.50%"
"May 29, 2016","-0.331","-0.288","-0.249","-0.340","14.58%"
"May 22, 2016","-0.289","-0.264","-0.237","-0.304","11.81%"
"May 15, 2016","-0.258","-0.301","-0.240","-0.301","-11.06%"
"May 08, 2016","-0.290","-0.272","-0.271","-0.321","0.35%"
"May 01, 2016","-0.289","-0.190","-0.176","-0.292","59.57%"
"Apr 24, 2016","-0.181","-0.255","-0.163","-0.263","-24.90%"
"Apr 17, 2016","-0.241","-0.316","-0.222","-0.319","-21.39%"
"Apr 10, 2016","-0.307","-0.324","-0.269","-0.340","-5.10%"
"Apr 03, 2016","-0.324","-0.313","-0.283","-0.339","8.59%"
"Mar 27, 2016","-0.298","-0.276","-0.273","-0.316","9.36%"
"Mar 20, 2016","-0.273","-0.252","-0.239","-0.291","9.61%"
"Mar 13, 2016","-0.249","-0.227","-0.182","-0.261","11.23%"
"Mar 06, 2016","-0.223","-0.312","-0.171","-0.360","-23.35%"
"Feb 28, 2016","-0.292","-0.334","-0.290","-0.369","-10.77%"
"Feb 21, 2016","-0.327","-0.262","-0.250","-0.337","20.28%"
"Feb 14, 2016","-0.272","-0.224","-0.207","-0.295","20.59%"
"Feb 07, 2016","-0.225","-0.202","-0.194","-0.315","15.36%"
"Jan 31, 2016","-0.195","-0.199","-0.167","-0.230","-0.91%"
"Jan 24, 2016","-0.197","-0.088","-0.084","-0.201","115.41%"
"Jan 17, 2016","-0.091","-0.003","0.002","-0.112","348.53%"
"Jan 10, 2016","-0.020","0.016","0.071","-0.032","-312.50%"
"Jan 03, 2016","0.010","0.067","0.073","-0.033","-89.83%"
"Dec 27, 2015","0.094","0.086","0.112","0.052","0.75%"
"Dec 20, 2015","0.094","0.032","0.103","0.014","287.19%"
"Dec 13, 2015","0.024","0.015","0.113","0.000","210.26%"
"Dec 06, 2015","0.008","0.124","0.125","-0.008","-93.44%"
"Nov 29, 2015","0.119","-0.080","0.161","-0.107","-239.06%"
"Nov 22, 2015","-0.086","-0.079","-0.040","-0.121","4.78%"
"Nov 15, 2015","-0.082","-0.041","-0.014","-0.087","248.72%"
"Nov 08, 2015","-0.023","0.097","0.104","-0.032","-124.84%"
"Nov 01, 2015","0.094","-0.017","0.102","-0.019","-1,670.00%"
"Oct 25, 2015","-0.006","-0.024","0.010","-0.088","-77.78%"
"Oct 18, 2015","-0.027","0.033","0.094","-0.044","-181.82%"
"Oct 11, 2015","0.033","0.081","0.088","0.013","-61.63%"
"Oct 04, 2015","0.086","0.025","0.093","0.016","377.78%"
"Sep 27, 2015","0.018","0.108","0.117","-0.004","-84.87%"
"Sep 20, 2015","0.119","0.129","0.150","0.071","-10.53%"
"Sep 13, 2015","0.133","0.111","0.208","0.097","19.82%"
"Sep 06, 2015","0.111","0.141","0.159","0.107","-19.57%"
"Aug 30, 2015","0.138","0.190","0.258","0.133","-23.76%"
"Aug 23, 2015","0.181","0.054","0.198","0.035","174.24%"
"Aug 16, 2015","0.066","0.096","0.130","0.056","-34.65%"
"Aug 09, 2015","0.101","0.092","0.118","0.038","10.99%"
"Aug 02, 2015","0.091","0.116","0.167","0.073","-16.51%"
"Jul 26, 2015","0.109","0.140","0.169","0.103","-22.14%"
"Jul 19, 2015","0.140","0.199","0.212","0.132","-28.21%"
"Jul 12, 2015","0.195","0.296","0.378","0.191","-38.29%"
"Jul 05, 2015","0.316","0.173","0.320","0.118","46.30%"
"Jun 28, 2015","0.216","0.339","0.339","0.182","-35.71%"
"Jun 21, 2015","0.336","0.280","0.355","0.272","28.74%"
"Jun 14, 2015","0.261","0.308","0.324","0.247","-20.18%"
"Jun 07, 2015","0.327","0.323","0.458","0.305","1.87%"
"May 31, 2015","0.321","0.104","0.426","0.076","237.89%"
"May 24, 2015","0.095","0.173","0.178","0.093","-46.93%"
"May 17, 2015","0.179","0.212","0.223","0.137","-13.94%"
"May 10, 2015","0.208","0.153","0.283","0.134","33.33%"
"May 03, 2015","0.156","0.081","0.337","0.075","113.70%"
"Apr 26, 2015","0.073","-0.078","0.096","-0.091","-205.80%"
"Apr 19, 2015","-0.069","-0.128","-0.055","-0.137","-45.67%"
"Apr 12, 2015","-0.127","-0.109","-0.083","-0.147","20.95%"
"Apr 05, 2015","-0.105","-0.076","-0.069","-0.120","52.17%"
"Mar 29, 2015","-0.069","-0.068","-0.049","-0.093","4.55%"
"Mar 22, 2015","-0.066","-0.084","-0.031","-0.087","-18.52%"
"Mar 15, 2015","-0.081","-0.072","-0.010","-0.090","26.56%"
"Mar 08, 2015","-0.064","-0.019","-0.015","-0.113","433.33%"
"Mar 01, 2015","-0.012","-0.058","0.022","-0.058","-77.78%"
"Feb 22, 2015","-0.054","-0.018","-0.012","-0.083","116.00%"
"Feb 15, 2015","-0.025","-0.022","0.001","-0.049","-10.71%"
"Feb 08, 2015","-0.028","-0.011","0.009","-0.038","250.00%"
"Feb 01, 2015","-0.008","-0.013","0.014","-0.030","-42.86%"
"Jan 25, 2015","-0.014","0.002","0.071","-0.023","-800.00%"
"Jan 18, 2015","0.002","0.019","0.122","-0.007","-88.89%"
"Jan 11, 2015","0.018","0.066","0.086","0.002","-67.86%"
"Jan 04, 2015","0.056","0.067","0.084","0.044","-11.11%"
"Dec 28, 2014","0.063","0.131","0.139","0.061","-52.99%"
"Dec 21, 2014","0.134","0.134","0.146","0.124","0.75%"
"Dec 14, 2014","0.133","0.173","0.186","0.122","-21.30%"
"Dec 07, 2014","0.169","0.245","0.255","0.163","-32.40%"
"Nov 30, 2014","0.250","0.190","0.264","0.188","26.90%"
"Nov 23, 2014","0.197","0.225","0.234","0.183","-11.26%"
"Nov 16, 2014","0.222","0.209","0.290","0.206","0.00%"
"Nov 09, 2014","0.222","0.201","0.231","0.178","8.82%"
"Nov 02, 2014","0.204","0.217","0.249","0.201","-8.52%"
"Oct 26, 2014","0.223","0.279","0.292","0.223","-17.71%"
"Oct 19, 2014","0.271","0.263","0.278","0.223","2.26%"
"Oct 12, 2014","0.265","0.235","0.276","0.149","4.33%"
"Oct 05, 2014","0.254","0.268","0.280","0.219","-6.27%"
"Sep 28, 2014","0.271","0.282","0.297","0.223","-2.17%"
"Sep 21, 2014","0.277","0.309","0.331","0.268","-14.51%"
"Sep 14, 2014","0.324","0.353","0.386","0.309","-8.99%"
"Sep 07, 2014","0.356","0.286","0.365","0.268","26.24%"
"Aug 31, 2014","0.282","0.308","0.349","0.257","-7.24%"
"Aug 24, 2014","0.304","0.369","0.369","0.284","-16.48%"
"Aug 17, 2014","0.364","0.340","0.379","0.327","14.47%"
"Aug 10, 2014","0.318","0.397","0.404","0.313","-16.75%"
"Aug 03, 2014","0.382","0.434","0.471","0.359","-11.78%"
"Jul 27, 2014","0.433","0.439","0.482","0.417","-0.92%"
"Jul 20, 2014","0.437","0.443","0.474","0.429","-2.89%"
"Jul 13, 2014","0.450","0.464","0.477","0.425","-1.10%"
"Jul 06, 2014","0.455","0.509","0.510","0.425","-8.82%"
"Jun 29, 2014","0.499","0.526","0.559","0.481","-3.85%"
"Jun 22, 2014","0.519","0.569","0.581","0.491","-8.79%"
"Jun 15, 2014","0.569","0.572","0.623","0.526","-2.07%"
"Jun 08, 2014","0.581","0.579","0.649","0.558","3.01%"
"Jun 01, 2014","0.564","0.595","0.687","0.533","-5.21%"
"May 25, 2014","0.595","0.632","0.648","0.568","-7.18%"
"May 18, 2014","0.641","0.627","0.667","0.612","1.58%"
"May 11, 2014","0.631","0.752","0.761","0.598","-15.53%"
"May 04, 2014","0.747","0.740","0.800","0.727","0.81%"
"Apr 27, 2014","0.741","0.801","0.840","0.730","-6.20%"
"Apr 20, 2014","0.790","0.809","0.854","0.781","-1.74%"
"Apr 13, 2014","0.804","0.790","0.811","0.745","1.13%"
"Apr 06, 2014","0.795","0.720","0.834","0.704","9.66%"
"Mar 30, 2014","0.725","0.719","0.821","0.709","0.42%"
"Mar 23, 2014","0.722","0.822","0.833","0.671","-10.75%"
"Mar 16, 2014","0.809","0.715","0.841","0.703","13.94%"
"Mar 09, 2014","0.710","0.785","0.817","0.670","-11.47%"
"Mar 02, 2014","0.802","0.731","0.840","0.716","2.17%"
"Feb 23, 2014","0.785","0.790","0.833","0.688","-0.76%"
"Feb 16, 2014","0.791","0.803","0.829","0.749","-2.10%"
"Feb 09, 2014","0.808","0.797","0.849","0.776","1.25%"
"Feb 02, 2014","0.798","0.786","0.861","0.743","1.01%"
"Jan 26, 2014","0.790","0.895","0.925","0.776","-10.33%"
"Jan 19, 2014","0.881","0.980","0.988","0.866","-10.10%"
"Jan 12, 2014","0.980","1.073","1.086","0.975","-9.01%"
"Jan 05, 2014","1.077","1.178","1.180","1.069","-8.96%"
"Dec 29, 2013","1.183","1.208","1.215","1.168","-1.42%"
"Dec 22, 2013","1.200","1.124","1.201","1.117","8.11%"
"Dec 15, 2013","1.110","1.039","1.144","1.025","5.82%"
"Dec 08, 2013","1.049","1.036","1.073","1.011","2.24%"
"Dec 01, 2013","1.026","0.879","1.084","0.873","18.07%"
"Nov 24, 2013","0.869","0.918","0.922","0.854","-4.51%"
"Nov 17, 2013","0.910","0.868","0.933","0.845","4.48%"
"Nov 10, 2013","0.871","0.910","0.945","0.850","-5.74%"
"Nov 03, 2013","0.924","0.866","0.936","0.812","5.96%"
"Oct 27, 2013","0.872","0.983","0.985","0.835","-10.10%"
"Oct 20, 2013","0.970","1.024","1.047","0.944","-5.09%"
"Oct 13, 2013","1.022","1.035","1.124","1.002","-1.83%"
"Oct 06, 2013","1.041","0.910","1.063","0.875","13.40%"
"Sep 29, 2013","0.918","0.846","0.930","0.842","5.40%"
"Sep 22, 2013","0.871","1.007","1.049","0.864","-15.11%"
"Sep 15, 2013","1.026","1.033","1.108","0.923","-5.44%"
"Sep 08, 2013","1.085","1.133","1.207","1.068","-3.73%"
"Sep 01, 2013","1.127","1.081","1.238","1.080","7.13%"
"Aug 25, 2013","1.052","1.143","1.143","1.023","-7.31%"
"Aug 18, 2013","1.135","1.082","1.188","1.014","8.51%"
"Aug 11, 2013","1.046","0.874","1.076","0.873","19.00%"
"Aug 04, 2013","0.879","0.851","0.914","0.828","2.93%"
"Jul 28, 2013","0.854","0.844","0.934","0.783","0.95%"
"Jul 21, 2013","0.846","0.699","0.880","0.689","20.34%"
"Jul 14, 2013","0.703","0.749","0.796","0.681","-6.14%"
"Jul 07, 2013","0.749","0.846","0.865","0.727","-13.31%"
"Jun 30, 2013","0.864","0.957","0.995","0.764","-9.43%"
"Jun 23, 2013","0.954","1.016","1.135","0.918","-5.45%"
"Jun 16, 2013","1.009","0.754","1.013","0.724","37.84%"
"Jun 09, 2013","0.732","0.780","0.909","0.726","-6.51%"
"Jun 02, 2013","0.783","0.695","0.796","0.689","12.02%"
"May 26, 2013","0.699","0.631","0.745","0.619","10.95%"
"May 19, 2013","0.630","0.574","0.677","0.556","15.60%"
"May 12, 2013","0.545","0.635","0.644","0.525","-14.98%"
"May 05, 2013","0.641","0.515","0.641","0.499","25.20%"
"Apr 28, 2013","0.512","0.479","0.528","0.436","6.67%"
"Apr 21, 2013","0.480","0.521","0.550","0.458","-6.80%"
"Apr 14, 2013","0.515","0.514","0.565","0.479","-0.39%"
"Apr 07, 2013","0.517","0.487","0.596","0.482","8.39%"
"Mar 31, 2013","0.477","0.434","0.533","0.425","7.67%"
"Mar 24, 2013","0.443","0.542","0.556","0.404","-15.62%"
"Mar 17, 2013","0.525","0.484","0.545","0.479","-9.79%"
"Mar 10, 2013","0.582","0.632","0.659","0.566","-11.95%"
"Mar 03, 2013","0.661","0.550","0.698","0.544","18.04%"
"Feb 24, 2013","0.560","0.719","0.775","0.547","-21.35%"
"Feb 17, 2013","0.712","0.808","0.832","0.702","-12.21%"
"Feb 10, 2013","0.811","0.780","0.881","0.765","2.66%"
"Feb 03, 2013","0.790","0.927","0.928","0.759","-10.23%"
"Jan 27, 2013","0.880","0.886","0.979","0.843","-0.23%"
"Jan 20, 2013","0.882","0.797","0.901","0.721","12.07%"
"Jan 13, 2013","0.787","0.813","0.877","0.737","-3.44%"
"Jan 06, 2013","0.815","0.761","0.843","0.695","5.16%"
"Dec 30, 2012","0.775","0.586","0.793","0.582","45.40%"
"Dec 23, 2012","0.533","0.625","0.626","0.527","-11.75%"
"Dec 16, 2012","0.604","0.642","0.694","0.598","0.33%"
"Dec 09, 2012","0.602","0.550","0.622","0.520","8.27%"
"Dec 02, 2012","0.556","0.651","0.729","0.543","-16.14%"
"Nov 25, 2012","0.663","0.698","0.748","0.628","-5.96%"
"Nov 18, 2012","0.705","0.622","0.720","0.618","16.72%"
"Nov 11, 2012","0.604","0.627","0.660","0.597","-3.67%"
"Nov 04, 2012","0.627","0.713","0.737","0.598","-14.11%"
"Oct 28, 2012","0.730","0.795","0.805","0.722","-11.19%"
"Oct 21, 2012","0.822","0.897","0.943","0.794","-9.07%"
"Oct 14, 2012","0.904","0.758","0.945","0.751","18.48%"
"Oct 07, 2012","0.763","0.800","0.816","0.737","-7.85%"
"Sep 30, 2012","0.828","0.659","0.835","0.643","28.17%"
"Sep 23, 2012","0.646","0.733","0.772","0.633","-14.32%"
"Sep 16, 2012","0.754","0.858","0.892","0.722","-13.63%"
"Sep 09, 2012","0.873","0.713","0.878","0.683","22.96%"
"Sep 02, 2012","0.710","0.561","0.797","0.554","24.34%"
"Aug 26, 2012","0.571","0.578","0.640","0.547","-5.15%"
"Aug 19, 2012","0.602","0.703","0.757","0.555","-10.42%"
"Aug 12, 2012","0.672","0.586","0.767","0.569","14.29%"
"Aug 05, 2012","0.588","0.659","0.691","0.567","-9.54%"
"Jul 29, 2012","0.650","0.617","0.676","0.493","2.36%"
"Jul 22, 2012","0.635","0.635","0.635","0.635","44.98%"
"Jul 15, 2012","0.438","0.438","0.438","0.438","-17.36%"
"Jul 08, 2012","0.530","0.530","0.530","0.530","-9.40%"
"Jul 01, 2012","0.585","0.585","0.585","0.585","-32.99%"
"Jun 24, 2012","0.873","0.873","0.873","0.873","-0.11%"
"Jun 17, 2012","0.874","0.874","0.874","0.874","16.84%"
"Jun 10, 2012","0.748","0.748","0.748","0.748","13.16%"
"Jun 03, 2012","0.661","0.661","0.661","0.661","21.73%"
"May 27, 2012","0.543","0.543","0.543","0.543","-21.42%"
"May 20, 2012","0.691","0.691","0.691","0.691","-5.34%"
"May 13, 2012","0.730","0.730","0.730","0.730","-8.29%"
"May 06, 2012","0.796","0.796","0.796","0.796","-4.90%"
"Apr 29, 2012","0.837","0.837","0.837","0.837","-9.81%"
"Apr 22, 2012","0.928","0.928","0.928","0.928","-5.02%"
"Apr 15, 2012","0.977","0.977","0.977","0.977","2.84%"
"Apr 08, 2012","0.950","0.950","0.950","0.950","2.15%"
"Apr 01, 2012","0.930","0.930","0.930","0.930","-9.18%"
"Mar 25, 2012","1.024","1.024","1.024","1.024","-7.08%"
"Mar 18, 2012","1.102","1.102","1.102","1.102","-13.36%"
"Mar 11, 2012","1.272","1.272","1.272","1.272","30.19%"
"Mar 04, 2012","0.977","0.977","0.977","0.977","-1.01%"
"Feb 26, 2012","0.987","0.987","0.987","0.987","-6.62%"
"Feb 19, 2012","1.057","1.057","1.057","1.057","-5.88%"
"Feb 12, 2012","1.123","1.123","1.123","1.123","-0.44%"
"Feb 05, 2012","1.128","1.128","1.128","1.128","1.99%"
"Jan 29, 2012","1.106","1.106","1.106","1.106","4.44%"
"Jan 22, 2012","1.059","1.059","1.059","1.059","-7.91%"
"Jan 15, 2012","1.150","1.150","1.150","1.150","16.28%"
"Jan 08, 2012","0.989","0.989","0.989","0.989","-7.91%"
"Jan 01, 2012","1.074","1.074","1.074","1.074","1.90%"
"Dec 25, 2011","1.054","1.054","1.054","1.054","-11.35%"
"Dec 18, 2011","1.189","1.189","1.189","1.189","4.76%"
"Dec 11, 2011","1.135","1.135","1.135","1.135","-15.36%"
"Dec 04, 2011","1.341","1.341","1.341","1.341","-4.01%"
"Nov 27, 2011","1.397","1.397","1.397","1.397","-8.69%"
"Nov 20, 2011","1.530","1.530","1.530","1.530","13.59%"
"Nov 13, 2011","1.347","1.347","1.347","1.347","8.98%"
"Nov 06, 2011","1.236","1.236","1.236","1.236","3.00%"
"Oct 30, 2011","1.200","1.200","1.200","1.200","-24.15%"
"Oct 23, 2011","1.582","1.582","1.582","1.582","1.61%"
"Oct 16, 2011","1.557","1.557","1.557","1.557","0.97%"
"Oct 09, 2011","1.542","1.542","1.542","1.542","10.38%"
"Oct 02, 2011","1.397","1.397","1.397","1.397","8.04%"
"Sep 25, 2011","1.293","1.293","1.293","1.293","11.66%"
"Sep 18, 2011","1.158","1.158","1.158","1.158","-8.24%"
"Sep 11, 2011","1.262","1.262","1.262","1.262","11.68%"
"Sep 04, 2011","1.130","1.130","1.130","1.130","-14.97%"
"Aug 28, 2011","1.329","1.329","1.329","1.329","-9.16%"
"Aug 21, 2011","1.463","1.463","1.463","1.463","1.11%"
"Aug 14, 2011","1.447","1.447","1.447","1.447","-13.30%"
"Aug 07, 2011","1.669","1.669","1.669","1.669","-3.30%"
"Jul 31, 2011","1.726","1.726","1.726","1.726","-12.03%"
"Jul 24, 2011","1.962","1.962","1.962","1.962","-12.14%"
"Jul 17, 2011","2.233","2.233","2.233","2.233","6.89%"
"Jul 10, 2011","2.089","2.089","2.089","2.089","-7.44%"
"Jul 03, 2011","2.257","2.257","2.257","2.257","-10.90%"
"Jun 26, 2011","2.533","2.533","2.533","2.533","12.18%"
"Jun 19, 2011","2.258","2.258","2.258","2.258","-6.23%"
"Jun 12, 2011","2.408","2.408","2.408","2.408","-0.66%"
"Jun 05, 2011","2.424","2.424","2.424","2.424","-5.72%"
"May 29, 2011","2.571","2.571","2.571","2.571","3.79%"
"May 22, 2011","2.477","2.477","2.477","2.477","-5.49%"
"May 15, 2011","2.621","2.621","2.621","2.621","-1.02%"
"May 08, 2011","2.648","2.648","2.648","2.648","-4.78%"
"May 01, 2011","2.781","2.781","2.781","2.781","-1.52%"
"Apr 24, 2011","2.824","2.824","2.824","2.824","-1.64%"
"Apr 17, 2011","2.871","2.871","2.871","2.871","-0.97%"
"Apr 10, 2011","2.899","2.899","2.899","2.899","-3.14%"
"Apr 03, 2011","2.993","2.993","2.993","2.993","3.74%"
"Mar 27, 2011","2.885","2.885","2.885","2.885","4.30%"
"Mar 20, 2011","2.766","2.766","2.766","2.766","4.14%"
"Mar 13, 2011","2.656","2.656","2.656","2.656","-1.41%"
"Mar 06, 2011","2.694","2.694","2.694","2.694","-3.02%"
"Feb 27, 2011","2.778","2.778","2.778","2.778","8.30%"
"Feb 20, 2011","2.565","2.565","2.565","2.565","-2.55%"
"Feb 13, 2011","2.632","2.632","2.632","2.632","-1.97%"
"Feb 06, 2011","2.685","2.685","2.685","2.685","-0.59%"
"Jan 30, 2011","2.701","2.701","2.701","2.701","2.93%"
"Jan 23, 2011","2.624","2.624","2.624","2.624","1.47%"
"Jan 16, 2011","2.586","2.586","2.586","2.586","6.82%"
"Jan 09, 2011","2.421","2.421","2.421","2.421","10.10%"
"Jan 02, 2011","2.199","2.199","2.199","2.199","-2.27%"
"Dec 26, 2010","2.250","2.250","2.250","2.250","-2.98%"
"Dec 19, 2010","2.319","2.319","2.319","2.319","-3.90%"
"Dec 12, 2010","2.413","2.413","2.413","2.413","1.77%"
"Dec 05, 2010","2.371","2.371","2.371","2.371","7.24%"
"Nov 28, 2010","2.211","2.211","2.211","2.211","4.00%"
"Nov 21, 2010","2.126","2.126","2.126","2.126","-2.16%"
"Nov 14, 2010","2.173","2.173","2.173","2.173","11.09%"
"Nov 07, 2010","1.956","1.956","1.956","1.956","4.49%"
"Oct 31, 2010","1.872","1.872","1.872","1.872","-6.21%"
"Oct 24, 2010","1.996","1.996","1.996","1.996","1.84%"
"Oct 17, 2010","1.960","1.960","1.960","1.960","16.18%"
"Oct 10, 2010","1.687","1.687","1.687","1.687","4.52%"
"Oct 03, 2010","1.614","1.614","1.614","1.614","-4.89%"
"Sep 26, 2010","1.697","1.697","1.697","1.697","-0.24%"
"Sep 19, 2010","1.701","1.701","1.701","1.701","-3.63%"
"Sep 12, 2010","1.765","1.765","1.765","1.765","1.15%"
"Sep 05, 2010","1.745","1.745","1.745","1.745","3.99%"
"Aug 29, 2010","1.678","1.678","1.678","1.678","5.27%"
"Aug 22, 2010","1.594","1.594","1.594","1.594","-0.38%"
"Aug 15, 2010","1.600","1.600","1.600","1.600","-5.49%"
"Aug 08, 2010","1.693","1.693","1.693","1.693","-8.14%"
"Aug 01, 2010","1.843","1.843","1.843","1.843","-7.01%"
"Jul 25, 2010","1.982","1.982","1.982","1.982","-1.34%"
"Jul 18, 2010","2.009","2.009","2.009","2.009","4.36%"
"Jul 11, 2010","1.925","1.925","1.925","1.925","0.42%"
"Jul 04, 2010","1.917","1.917","1.917","1.917","4.75%"
"Jun 27, 2010","1.830","1.830","1.830","1.830","6.09%"
"Jun 20, 2010","1.725","1.725","1.725","1.725","-4.85%"
"Jun 13, 2010","1.813","1.813","1.813","1.813","9.22%"
"Jun 06, 2010","1.660","1.660","1.660","1.660","0.06%"
"May 30, 2010","1.659","1.659","1.659","1.659","-7.01%"
"May 23, 2010","1.784","1.784","1.784","1.784","0.73%"
"May 16, 2010","1.771","1.771","1.771","1.771","-8.43%"
"May 09, 2010","1.934","1.934","1.934","1.934","1.74%"
"May 02, 2010","1.901","1.901","1.901","1.901","-13.71%"
"Apr 25, 2010","2.203","2.203","2.203","2.203","-4.59%"
"Apr 18, 2010","2.309","2.309","2.309","2.309","-0.90%"
"Apr 11, 2010","2.330","2.330","2.330","2.330","-3.76%"
"Apr 04, 2010","2.421","2.421","2.421","2.421","3.02%"
"Mar 28, 2010","2.350","2.350","2.350","2.350","-3.25%"
"Mar 21, 2010","2.429","2.429","2.429","2.429","2.06%"
"Mar 14, 2010","2.380","2.380","2.380","2.380","-2.38%"
"Mar 07, 2010","2.438","2.438","2.438","2.438","0.99%"
"Feb 28, 2010","2.414","2.414","2.414","2.414","1.68%"
"Feb 21, 2010","2.374","2.374","2.374","2.374","-6.76%"
"Feb 14, 2010","2.546","2.546","2.546","2.546","3.75%"
"Feb 07, 2010","2.454","2.454","2.454","2.454","2.55%"
"Jan 31, 2010","2.393","2.393","2.393","2.393","-4.24%"
"Jan 24, 2010","2.499","2.499","2.499","2.499","-1.65%"
"Jan 17, 2010","2.541","2.541","2.541","2.541","-1.97%"
"Jan 10, 2010","2.592","2.592","2.592","2.592","-4.92%"
"Jan 03, 2010","2.726","2.726","2.726","2.726","-1.55%"
"Dec 27, 2009","2.769","2.769","2.769","2.769","3.79%"
"Dec 20, 2009","2.668","2.668","2.668","2.668","6.46%"
"Dec 13, 2009","2.506","2.506","2.506","2.506","-3.43%"
"Dec 06, 2009","2.595","2.595","2.595","2.595","-2.37%"
"Nov 29, 2009","2.658","2.658","2.658","2.658","4.28%"
"Nov 22, 2009","2.549","2.549","2.549","2.549","-3.81%"
"Nov 15, 2009","2.650","2.650","2.650","2.650","-3.39%"
"Nov 08, 2009","2.743","2.743","2.743","2.743","-2.35%"
"Nov 01, 2009","2.809","2.809","2.809","2.809","4.27%"
"Oct 25, 2009","2.694","2.694","2.694","2.694","-3.54%"
"Oct 18, 2009","2.793","2.793","2.793","2.793","4.61%"
"Oct 11, 2009","2.670","2.670","2.670","2.670","3.49%"
"Oct 04, 2009","2.580","2.580","2.580","2.580","3.91%"
"Sep 27, 2009","2.483","2.483","2.483","2.483","-3.95%"
"Sep 20, 2009","2.585","2.585","2.585","2.585","-5.52%"
"Sep 13, 2009","2.736","2.736","2.736","2.736","6.67%"
"Sep 06, 2009","2.565","2.565","2.565","2.565","-2.51%"
"Aug 30, 2009","2.631","2.631","2.631","2.631","-0.64%"
"Aug 23, 2009","2.648","2.648","2.648","2.648","-4.02%"
"Aug 16, 2009","2.759","2.759","2.759","2.759","1.28%"
"Aug 09, 2009","2.724","2.724","2.724","2.724","-9.26%"
"Aug 02, 2009","3.002","3.002","3.002","3.002","11.81%"
"Jul 26, 2009","2.685","2.685","2.685","2.685","-6.02%"
"Jul 19, 2009","2.857","2.857","2.857","2.857","1.75%"
"Jul 12, 2009","2.808","2.808","2.808","2.808","5.33%"
"Jul 05, 2009","2.666","2.666","2.666","2.666","-2.77%"
"Jun 28, 2009","2.742","2.742","2.742","2.742","-2.73%"
"Jun 21, 2009","2.819","2.819","2.819","2.819","-4.54%"
"Jun 14, 2009","2.953","2.953","2.953","2.953","-6.43%"
"Jun 07, 2009","3.156","3.156","3.156","3.156","-1.07%"
"May 31, 2009","3.190","3.190","3.190","3.190","7.52%"
"May 24, 2009","2.967","2.967","2.967","2.967","1.68%"
"May 17, 2009","2.918","2.918","2.918","2.918","4.93%"
"May 10, 2009","2.781","2.781","2.781","2.781","-4.07%"
"May 03, 2009","2.899","2.899","2.899","2.899","8.94%"
"Apr 26, 2009","2.661","2.661","2.661","2.661","-1.77%"
"Apr 19, 2009","2.709","2.709","2.709","2.709","-3.15%"
"Apr 12, 2009","2.797","2.797","2.797","2.797","2.01%"
"Apr 05, 2009","2.742","2.742","2.742","2.742","2.43%"
"Mar 29, 2009","2.677","2.677","2.677","2.677","6.40%"
"Mar 22, 2009","2.516","2.516","2.516","2.516","3.11%"
"Mar 15, 2009","2.440","2.440","2.440","2.440","-1.05%"
"Mar 08, 2009","2.466","2.466","2.466","2.466","6.25%"
"Mar 01, 2009","2.321","2.321","2.321","2.321","-7.86%"
"Feb 22, 2009","2.519","2.519","2.519","2.519","3.71%"
"Feb 15, 2009","2.429","2.429","2.429","2.429","-3.07%"
"Feb 08, 2009","2.506","2.506","2.506","2.506","-7.77%"
"Feb 01, 2009","2.717","2.717","2.717","2.717","-1.49%"
"Jan 25, 2009","2.758","2.758","2.758","2.758","4.31%"
"Jan 18, 2009","2.644","2.644","2.644","2.644","8.36%"
"Jan 11, 2009","2.440","2.440","2.440","2.440","-3.60%"
"Jan 04, 2009","2.531","2.531","2.531","2.531","-0.12%"
"Dec 28, 2008","2.534","2.534","2.534","2.534","-1.21%"
"Dec 21, 2008","2.565","2.565","2.565","2.565","-4.18%"
"Dec 14, 2008","2.677","2.677","2.677","2.677","-10.35%"
"Dec 07, 2008","2.986","2.986","2.986","2.986","12.26%"
"Nov 30, 2008","2.660","2.660","2.660","2.660","-6.50%"
"Nov 23, 2008","2.845","2.845","2.845","2.845","-0.80%"
"Nov 16, 2008","2.868","2.868","2.868","2.868","-6.88%"
"Nov 09, 2008","3.080","3.080","3.080","3.080","-5.20%"
"Nov 02, 2008","3.249","3.249","3.249","3.249","-6.83%"
"Oct 26, 2008","3.487","3.487","3.487","3.487","-0.37%"
"Oct 19, 2008","3.500","3.500","3.500","3.500","-8.14%"
"Oct 12, 2008","3.810","3.810","3.810","3.810","1.60%"
"Oct 05, 2008","3.750","3.750","3.750","3.750","1.54%"
"Sep 28, 2008","3.693","3.693","3.693","3.693","-7.44%"
"Sep 21, 2008","3.990","3.990","3.990","3.990","-3.67%"
"Sep 14, 2008","4.142","4.142","4.142","4.142","3.63%"
"Sep 07, 2008","3.997","3.997","3.997","3.997","3.23%"
"Aug 31, 2008","3.872","3.872","3.872","3.872","-5.03%"
"Aug 24, 2008","4.077","4.077","4.077","4.077","-0.27%"
"Aug 17, 2008","4.088","4.088","4.088","4.088","2.05%"
"Aug 10, 2008","4.006","4.006","4.006","4.006","-1.93%"
"Aug 03, 2008","4.085","4.085","4.085","4.085","-4.27%"
"Jul 27, 2008","4.267","4.267","4.267","4.267","-6.34%"
"Jul 20, 2008","4.556","4.556","4.556","4.556","-1.19%"
"Jul 13, 2008","4.611","4.611","4.611","4.611","2.86%"
"Jul 06, 2008","4.483","4.483","4.483","4.483","-0.31%"
"Jun 29, 2008","4.497","4.497","4.497","4.497","-0.11%"
"Jun 22, 2008","4.502","4.502","4.502","4.502","-4.23%"
"Jun 15, 2008","4.701","4.701","4.701","4.701","0.34%"
"Jun 08, 2008","4.685","4.685","4.685","4.685","5.14%"
"Jun 01, 2008","4.456","4.456","4.456","4.456","2.44%"
"May 25, 2008","4.350","4.350","4.350","4.350","3.55%"
"May 18, 2008","4.201","4.201","4.201","4.201","2.24%"
"May 11, 2008","4.109","4.109","4.109","4.109","5.90%"
"May 04, 2008","3.880","3.880","3.880","3.880","-4.74%"
"Apr 27, 2008","4.073","4.073","4.073","4.073","0.30%"
"Apr 20, 2008","4.061","4.061","4.061","4.061","1.73%"
"Apr 13, 2008","3.992","3.992","3.992","3.992","5.41%"
"Apr 06, 2008","3.787","3.787","3.787","3.787","0.45%"
"Mar 30, 2008","3.770","3.770","3.770","3.770","1.45%"
"Mar 23, 2008","3.716","3.716","3.716","3.716","7.27%"
"Mar 16, 2008","3.464","3.464","3.464","3.464","0.41%"
"Mar 09, 2008","3.450","3.450","3.450","3.450","0.06%"
"Mar 02, 2008","3.448","3.448","3.448","3.448","-3.50%"
"Feb 24, 2008","3.573","3.573","3.573","3.573","-1.30%"
"Feb 17, 2008","3.620","3.620","3.620","3.620","-0.28%"
"Feb 10, 2008","3.630","3.630","3.630","3.630","3.63%"
"Feb 03, 2008","3.503","3.503","3.503","3.503","-4.29%"
"Jan 27, 2008","3.660","3.660","3.660","3.660","-2.94%"
"Jan 20, 2008","3.771","3.771","3.771","3.771","1.62%"
"Jan 13, 2008","3.711","3.711","3.711","3.711","-5.21%"
"Jan 06, 2008","3.915","3.915","3.915","3.915","-2.34%"
"Dec 30, 2007","4.009","4.009","4.009","4.009","-5.58%"
"Dec 23, 2007","4.246","4.246","4.246","4.246","2.17%"
"Dec 16, 2007","4.156","4.156","4.156","4.156","-0.60%"
"Dec 09, 2007","4.181","4.181","4.181","4.181","5.24%"
"Dec 02, 2007","3.973","3.973","3.973","3.973","0.79%"
"Nov 25, 2007","3.942","3.942","3.942","3.942","2.28%"
"Nov 18, 2007","3.854","3.854","3.854","3.854","-3.51%"
"Nov 11, 2007","3.994","3.994","3.994","3.994","-0.92%"
"Nov 04, 2007","4.031","4.031","4.031","4.031","-1.95%"
"Oct 28, 2007","4.111","4.111","4.111","4.111","1.08%"
"Oct 21, 2007","4.067","4.067","4.067","4.067","-3.99%"
"Oct 14, 2007","4.236","4.236","4.236","4.236","-0.91%"
"Oct 07, 2007","4.275","4.275","4.275","4.275","3.06%"
"Sep 30, 2007","4.148","4.148","4.148","4.148","-2.12%"
"Sep 23, 2007","4.238","4.238","4.238","4.238","-0.31%"
"Sep 16, 2007","4.251","4.251","4.251","4.251","3.96%"
"Sep 09, 2007","4.089","4.089","4.089","4.089","-1.14%"
"Sep 02, 2007","4.136","4.136","4.136","4.136","0.27%"
"Aug 26, 2007","4.125","4.125","4.125","4.125","-0.89%"
"Aug 19, 2007","4.162","4.162","4.162","4.162","1.81%"
"Aug 12, 2007","4.088","4.088","4.088","4.088","-6.52%"
"Aug 05, 2007","4.373","4.373","4.373","4.373","0.09%"
"Jul 29, 2007","4.369","4.369","4.369","4.369","1.60%"
"Jul 22, 2007","4.300","4.300","4.300","4.300","-5.66%"
"Jul 15, 2007","4.558","4.558","4.558","4.558","-1.43%"
"Jul 08, 2007","4.624","4.624","4.624","4.624","-0.26%"
"Jul 01, 2007","4.636","4.636","4.636","4.636","1.80%"
"Jun 24, 2007","4.554","4.554","4.554","4.554","-1.83%"
"Jun 17, 2007","4.639","4.639","4.639","4.639","0.37%"
"Jun 10, 2007","4.622","4.622","4.622","4.622","2.12%"
"Jun 03, 2007","4.526","4.526","4.526","4.526","2.58%"
"May 27, 2007","4.412","4.412","4.412","4.412","1.57%"
"May 20, 2007","4.344","4.344","4.344","4.344","0.91%"
"May 13, 2007","4.305","4.305","4.305","4.305","2.77%"
"May 06, 2007","4.189","4.189","4.189","4.189","-0.69%"
"Apr 29, 2007","4.218","4.218","4.218","4.218","0.09%"
"Apr 22, 2007","4.214","4.214","4.214","4.214","0.77%"
"Apr 15, 2007","4.182","4.182","4.182","4.182","0.43%"
"Apr 08, 2007","4.164","4.164","4.164","4.164","2.79%"
"Apr 01, 2007","4.051","4.051","4.051","4.051","0.55%"
"Mar 25, 2007","4.029","4.029","4.029","4.029","2.52%"
"Mar 18, 2007","3.930","3.930","3.930","3.930","1.45%"
"Mar 11, 2007","3.874","3.874","3.874","3.874","-0.26%"
"Mar 04, 2007","3.884","3.884","3.884","3.884","-0.69%"
"Feb 25, 2007","3.911","3.911","3.911","3.911","-3.91%"
"Feb 18, 2007","4.070","4.070","4.070","4.070","1.50%"
"Feb 11, 2007","4.010","4.010","4.010","4.010","-0.27%"
"Feb 04, 2007","4.021","4.021","4.021","4.021","-1.03%"
"Jan 28, 2007","4.063","4.063","4.063","4.063","0.77%"
"Jan 21, 2007","4.032","4.032","4.032","4.032","0.72%"
"Jan 14, 2007","4.003","4.003","4.003","4.003","0.63%"
"Jan 07, 2007","3.978","3.978","3.978","3.978","1.71%"
"Dec 31, 2006","3.911","3.911","3.911","3.911","-0.66%"
"Dec 24, 2006","3.937","3.937","3.937","3.937","2.45%"
"Dec 17, 2006","3.843","3.843","3.843","3.843","1.32%"
"Dec 10, 2006","3.793","3.793","3.793","3.793","2.68%"
"Dec 03, 2006","3.694","3.694","3.694","3.694","1.79%"
"Nov 26, 2006","3.629","3.629","3.629","3.629","-1.60%"
"Nov 19, 2006","3.688","3.688","3.688","3.688","-1.26%"
"Nov 12, 2006","3.735","3.735","3.735","3.735","0.78%"
"Nov 05, 2006","3.706","3.706","3.706","3.706","0.38%"
"Oct 29, 2006","3.692","3.692","3.692","3.692","-2.56%"
"Oct 22, 2006","3.789","3.789","3.789","3.789","0.50%"
"Oct 15, 2006","3.770","3.770","3.770","3.770","0.64%"
"Oct 08, 2006","3.746","3.746","3.746","3.746","2.80%"
"Oct 01, 2006","3.644","3.644","3.644","3.644","0.86%"
"Sep 24, 2006","3.613","3.613","3.613","3.613","-0.85%"
"Sep 17, 2006","3.644","3.644","3.644","3.644","-1.81%"
"Sep 10, 2006","3.711","3.711","3.711","3.711","0.05%"
"Sep 03, 2006","3.709","3.709","3.709","3.709","1.87%"
"Aug 27, 2006","3.641","3.641","3.641","3.641","-1.17%"
"Aug 20, 2006","3.684","3.684","3.684","3.684","-3.21%"
"Aug 13, 2006","3.806","3.806","3.806","3.806","0.42%"
"Aug 06, 2006","3.790","3.790","3.790","3.790","-1.30%"
"Jul 30, 2006","3.840","3.840","3.840","3.840","0.84%"
"Jul 23, 2006","3.808","3.808","3.808","3.808","-0.13%"
"Jul 16, 2006","3.813","3.813","3.813","3.813","-0.96%"
"Jul 09, 2006","3.850","3.850","3.850","3.850","-2.65%"
"Jul 02, 2006","3.955","3.955","3.955","3.955","1.38%"
"Jun 25, 2006","3.901","3.901","3.901","3.901","-0.08%"
"Jun 18, 2006","3.904","3.904","3.904","3.904","3.01%"
"Jun 11, 2006","3.790","3.790","3.790","3.790","1.31%"
"Jun 04, 2006","3.741","3.741","3.741","3.741","-1.91%"
"May 28, 2006","3.814","3.814","3.814","3.814","3.73%"
"May 21, 2006","3.677","3.677","3.677","3.677","-3.36%"
"May 14, 2006","3.805","3.805","3.805","3.805","-2.93%"
"May 07, 2006","3.920","3.920","3.920","3.920","0.82%"
"Apr 30, 2006","3.888","3.888","3.888","3.888","1.20%"
"Apr 23, 2006","3.842","3.842","3.842","3.842","1.96%"
"Apr 16, 2006","3.768","3.768","3.768","3.768","0.94%"
"Apr 09, 2006","3.733","3.733","3.733","3.733","-0.24%"
"Apr 02, 2006","3.742","3.742","3.742","3.742","2.32%"
"Mar 26, 2006","3.657","3.657","3.657","3.657","3.60%"
"Mar 19, 2006","3.530","3.530","3.530","3.530","0.48%"
"Mar 12, 2006","3.513","3.513","3.513","3.513","0.63%"
"Mar 05, 2006","3.491","3.491","3.491","3.491","1.96%"
"Feb 26, 2006","3.424","3.424","3.424","3.424","3.07%"
"Feb 19, 2006","3.322","3.322","3.322","3.322","0.03%"
"Feb 12, 2006","3.321","3.321","3.321","3.321","1.10%"
"Feb 05, 2006","3.285","3.285","3.285","3.285","-1.59%"
"Jan 29, 2006","3.338","3.338","3.338","3.338","1.52%"
"Jan 22, 2006","3.288","3.288","3.288","3.288","4.02%"
"Jan 15, 2006","3.161","3.161","3.161","3.161","1.90%"
"Jan 08, 2006","3.102","3.102","3.102","3.102","1.21%"
"Jan 01, 2006","3.065","3.065","3.065","3.065","-2.42%"
"Dec 25, 2005","3.141","3.141","3.141","3.141","-0.38%"
"Dec 18, 2005","3.153","3.153","3.153","3.153","0.25%"
"Dec 11, 2005","3.145","3.145","3.145","3.145","1.58%"
"Dec 04, 2005","3.096","3.096","3.096","3.096","-1.15%"
"Nov 27, 2005","3.132","3.132","3.132","3.132","-0.10%"
"Nov 20, 2005","3.135","3.135","3.135","3.135","-0.54%"
"Nov 13, 2005","3.152","3.152","3.152","3.152","-2.96%"
"Nov 06, 2005","3.248","3.248","3.248","3.248","1.75%"
"Oct 30, 2005","3.192","3.192","3.192","3.192","2.80%"
"Oct 23, 2005","3.105","3.105","3.105","3.105","4.37%"
"Oct 16, 2005","2.975","2.975","2.975","2.975","0.27%"
"Oct 09, 2005","2.967","2.967","2.967","2.967","3.45%"
"Oct 02, 2005","2.868","2.868","2.868","2.868","2.69%"
"Sep 25, 2005","2.793","2.793","2.793","2.793","6.48%"
"Sep 18, 2005","2.623","2.623","2.623","2.623","-2.96%"
"Sep 11, 2005","2.703","2.703","2.703","2.703","2.04%"
"Sep 04, 2005","2.649","2.649","2.649","2.649","0.15%"
"Aug 28, 2005","2.645","2.645","2.645","2.645","-3.43%"
"Aug 21, 2005","2.739","2.739","2.739","2.739","-0.69%"
"Aug 14, 2005","2.758","2.758","2.758","2.758","-5.03%"
"Aug 07, 2005","2.904","2.904","2.904","2.904","-0.24%"
"Jul 31, 2005","2.911","2.911","2.911","2.911","3.67%"
"Jul 24, 2005","2.808","2.808","2.808","2.808","-0.71%"
"Jul 17, 2005","2.828","2.828","2.828","2.828","-0.11%"
"Jul 10, 2005","2.831","2.831","2.831","2.831","4.12%"
"Jul 03, 2005","2.719","2.719","2.719","2.719","2.14%"
"Jun 26, 2005","2.662","2.662","2.662","2.662","-1.44%"
"Jun 19, 2005","2.701","2.701","2.701","2.701","-5.19%"
"Jun 12, 2005","2.849","2.849","2.849","2.849","6.27%"
"Jun 05, 2005","2.681","2.681","2.681","2.681","-3.35%"
"May 29, 2005","2.774","2.774","2.774","2.774","-3.38%"
"May 22, 2005","2.871","2.871","2.871","2.871","0.56%"
"May 15, 2005","2.855","2.855","2.855","2.855","-0.07%"
"May 08, 2005","2.857","2.857","2.857","2.857","-0.28%"
"May 01, 2005","2.865","2.865","2.865","2.865","-1.14%"
"Apr 24, 2005","2.898","2.898","2.898","2.898","-3.17%"
"Apr 17, 2005","2.993","2.993","2.993","2.993","-1.68%"
"Apr 10, 2005","3.044","3.044","3.044","3.044","-0.98%"
"Apr 03, 2005","3.074","3.074","3.074","3.074","-2.84%"
"Mar 27, 2005","3.164","3.164","3.164","3.164","-3.21%"
"Mar 20, 2005","3.269","3.269","3.269","3.269","1.49%"
"Mar 13, 2005","3.221","3.221","3.221","3.221","-1.23%"
"Mar 06, 2005","3.261","3.261","3.261","3.261","-0.28%"
"Feb 27, 2005","3.270","3.270","3.270","3.270","0.21%"
"Feb 20, 2005","3.263","3.263","3.263","3.263","3.95%"
"Feb 13, 2005","3.139","3.139","3.139","3.139","3.70%"
"Feb 06, 2005","3.027","3.027","3.027","3.027","-3.14%"
"Jan 30, 2005","3.125","3.125","3.125","3.125","-0.76%"
"Jan 23, 2005","3.149","3.149","3.149","3.149","1.55%"
"Jan 16, 2005","3.101","3.101","3.101","3.101","0.71%"
"Jan 09, 2005","3.079","3.079","3.079","3.079","-2.44%"
"Jan 02, 2005","3.156","3.156","3.156","3.156","-1.50%"
"Dec 26, 2004","3.204","3.204","3.204","3.204","2.40%"
"Dec 19, 2004","3.129","3.129","3.129","3.129","0.32%"
"Dec 12, 2004","3.119","3.119","3.119","3.119","0.48%"
"Dec 05, 2004","3.104","3.104","3.104","3.104","-5.83%"
"Nov 28, 2004","3.296","3.296","3.296","3.296","1.89%"
"Nov 21, 2004","3.235","3.235","3.235","3.235","-3.20%"
"Nov 14, 2004","3.342","3.342","3.342","3.342","0.39%"
"Nov 07, 2004","3.329","3.329","3.329","3.329","-1.07%"
"Oct 31, 2004","3.365","3.365","3.365","3.365","0.00%"
"Oct 24, 2004","3.365","3.365","3.365","3.365","2.16%"
"Oct 17, 2004","3.294","3.294","3.294","3.294","-0.78%"
"Oct 10, 2004","3.320","3.320","3.320","3.320","-4.41%"
"Oct 03, 2004","3.473","3.473","3.473","3.473","0.75%"
"Sep 26, 2004","3.447","3.447","3.447","3.447","1.00%"
"Sep 19, 2004","3.413","3.413","3.413","3.413","-2.87%"
"Sep 12, 2004","3.514","3.514","3.514","3.514","-1.07%"
"Sep 05, 2004","3.552","3.552","3.552","3.552","0.68%"
"Aug 29, 2004","3.528","3.528","3.528","3.528","0.37%"
"Aug 22, 2004","3.515","3.515","3.515","3.515","-0.14%"
"Aug 15, 2004","3.520","3.520","3.520","3.520","0.03%"
"Aug 08, 2004","3.519","3.519","3.519","3.519","-2.66%"
"Aug 01, 2004","3.615","3.615","3.615","3.615","-3.93%"
"Jul 25, 2004","3.763","3.763","3.763","3.763","1.16%"
"Jul 18, 2004","3.720","3.720","3.720","3.720","-0.32%"
"Jul 11, 2004","3.732","3.732","3.732","3.732","0.84%"
"Jul 04, 2004","3.701","3.701","3.701","3.701","0.08%"
"Jun 27, 2004","3.698","3.698","3.698","3.698","0.22%"
"Jun 20, 2004","3.690","3.690","3.690","3.690","-2.97%"
"Jun 13, 2004","3.803","3.803","3.803","3.803","0.29%"
"Jun 06, 2004","3.792","3.792","3.792","3.792","1.50%"
"May 30, 2004","3.736","3.736","3.736","3.736","3.43%"
"May 23, 2004","3.612","3.612","3.612","3.612","-2.85%"
"May 16, 2004","3.718","3.718","3.718","3.718","-1.12%"
"May 09, 2004","3.760","3.760","3.760","3.760","4.18%"
"May 02, 2004","3.609","3.609","3.609","3.609","0.17%"
"Apr 25, 2004","3.603","3.603","3.603","3.603","2.24%"
"Apr 18, 2004","3.524","3.524","3.524","3.524","0.09%"
"Apr 11, 2004","3.521","3.521","3.521","3.521","3.62%"
"Apr 04, 2004","3.398","3.398","3.398","3.398","3.53%"
"Mar 28, 2004","3.282","3.282","3.282","3.282","3.96%"
"Mar 21, 2004","3.157","3.157","3.157","3.157","-2.47%"
"Mar 14, 2004","3.237","3.237","3.237","3.237","-1.34%"
"Mar 07, 2004","3.281","3.281","3.281","3.281","-5.45%"
"Feb 29, 2004","3.470","3.470","3.470","3.470","0.81%"
"Feb 22, 2004","3.442","3.442","3.442","3.442","-1.04%"
"Feb 15, 2004","3.478","3.478","3.478","3.478","-1.02%"
"Feb 08, 2004","3.514","3.514","3.514","3.514","-1.01%"
"Feb 01, 2004","3.550","3.550","3.550","3.550","-3.66%"
"Jan 25, 2004","3.685","3.685","3.685","3.685","3.86%"
"Jan 18, 2004","3.548","3.548","3.548","3.548","-1.72%"
"Jan 11, 2004","3.610","3.610","3.610","3.610","1.09%"
"Jan 04, 2004","3.571","3.571","3.571","3.571","-6.37%"
"Dec 28, 2003","3.814","3.814","3.814","3.814","1.79%"
"Dec 21, 2003","3.747","3.747","3.747","3.747","-0.48%"
"Dec 14, 2003","3.765","3.765","3.765","3.765","-0.95%"
"Dec 07, 2003","3.801","3.801","3.801","3.801","-1.27%"
"Nov 30, 2003","3.850","3.850","3.850","3.850","-3.97%"
"Nov 23, 2003","4.009","4.009","4.009","4.009","4.84%"
"Nov 16, 2003","3.824","3.824","3.824","3.824","-1.54%"
"Nov 09, 2003","3.884","3.884","3.884","3.884","-3.98%"
"Nov 02, 2003","4.045","4.045","4.045","4.045","4.71%"
"Oct 26, 2003","3.863","3.863","3.863","3.863","1.66%"
"Oct 19, 2003","3.800","3.800","3.800","3.800","-2.01%"
"Oct 12, 2003","3.878","3.878","3.878","3.878","3.97%"
"Oct 05, 2003","3.730","3.730","3.730","3.730","1.17%"
"Sep 28, 2003","3.687","3.687","3.687","3.687","8.09%"
"Sep 21, 2003","3.411","3.411","3.411","3.411","-4.08%"
"Sep 14, 2003","3.556","3.556","3.556","3.556","-0.48%"
"Sep 07, 2003","3.573","3.573","3.573","3.573","-4.29%"
"Aug 31, 2003","3.733","3.733","3.733","3.733","1.91%"
"Aug 24, 2003","3.663","3.663","3.663","3.663","-0.81%"
"Aug 17, 2003","3.693","3.693","3.693","3.693","1.07%"
"Aug 10, 2003","3.654","3.654","3.654","3.654","5.45%"
"Aug 03, 2003","3.465","3.465","3.465","3.465","-6.95%"
"Jul 27, 2003","3.724","3.724","3.724","3.724","8.95%"
"Jul 20, 2003","3.418","3.418","3.418","3.418","0.92%"
"Jul 13, 2003","3.387","3.387","3.387","3.387","4.57%"
"Jul 06, 2003","3.239","3.239","3.239","3.239","-0.49%"
"Jun 29, 2003","3.255","3.255","3.255","3.255","-1.06%"
"Jun 22, 2003","3.290","3.290","3.290","3.290","4.91%"
"Jun 15, 2003","3.136","3.136","3.136","3.136","9.69%"
"Jun 08, 2003","2.859","2.859","2.859","2.859","-6.23%"
"Jun 01, 2003","3.049","3.049","3.049","3.049","-2.46%"
"May 25, 2003","3.126","3.126","3.126","3.126","0.81%"
"May 18, 2003","3.101","3.101","3.101","3.101","-5.20%"
"May 11, 2003","3.271","3.271","3.271","3.271","-3.22%"
"May 04, 2003","3.380","3.380","3.380","3.380","-4.74%"
"Apr 27, 2003","3.548","3.548","3.548","3.548","-0.56%"
"Apr 20, 2003","3.568","3.568","3.568","3.568","-3.36%"
"Apr 13, 2003","3.692","3.692","3.692","3.692","-0.30%"
"Apr 06, 2003","3.703","3.703","3.703","3.703","4.49%"
"Mar 30, 2003","3.544","3.544","3.544","3.544","1.03%"
"Mar 23, 2003","3.508","3.508","3.508","3.508","-5.16%"
"Mar 16, 2003","3.699","3.699","3.699","3.699","7.22%"
"Mar 09, 2003","3.450","3.450","3.450","3.450","8.25%"
"Mar 02, 2003","3.187","3.187","3.187","3.187","-1.36%"
"Feb 23, 2003","3.231","3.231","3.231","3.231","-3.00%"
"Feb 16, 2003","3.331","3.331","3.331","3.331","-0.60%"
"Feb 09, 2003","3.351","3.351","3.351","3.351","-2.16%"
"Feb 02, 2003","3.425","3.425","3.425","3.425","-2.86%"
"Jan 26, 2003","3.526","3.526","3.526","3.526","1.64%"
"Jan 19, 2003","3.469","3.469","3.469","3.469","-3.72%"
"Jan 12, 2003","3.603","3.603","3.603","3.603","-2.33%"
"Jan 05, 2003","3.689","3.689","3.689","3.689","-2.72%"
"Dec 29, 2002","3.792","3.792","3.792","3.792","3.04%"
"Dec 22, 2002","3.680","3.680","3.680","3.680","-2.93%"
"Dec 15, 2002","3.791","3.791","3.791","3.791","-1.71%"
"Dec 08, 2002","3.857","3.857","3.857","3.857","-0.31%"
"Dec 01, 2002","3.869","3.869","3.869","3.869","-2.10%"
"Nov 24, 2002","3.952","3.952","3.952","3.952","-0.38%"
"Nov 17, 2002","3.967","3.967","3.967","3.967","1.72%"
"Nov 10, 2002","3.900","3.900","3.900","3.900","0.67%"
"Nov 03, 2002","3.874","3.874","3.874","3.874","-2.86%"
"Oct 27, 2002","3.988","3.988","3.988","3.988","-2.52%"
"Oct 20, 2002","4.091","4.091","4.091","4.091","-0.82%"
"Oct 13, 2002","4.125","4.125","4.125","4.125","3.23%"
"Oct 06, 2002","3.996","3.996","3.996","3.996","4.88%"
"Sep 29, 2002","3.810","3.810","3.810","3.810","-1.40%"
"Sep 22, 2002","3.864","3.864","3.864","3.864","-1.25%"
"Sep 15, 2002","3.913","3.913","3.913","3.913","-2.32%"
"Sep 08, 2002","4.006","4.006","4.006","4.006","0.63%"
"Sep 01, 2002","3.981","3.981","3.981","3.981","-4.39%"
"Aug 25, 2002","4.164","4.164","4.164","4.164","-3.25%"
"Aug 18, 2002","4.304","4.304","4.304","4.304","1.03%"
"Aug 11, 2002","4.260","4.260","4.260","4.260","1.12%"
"Aug 04, 2002","4.213","4.213","4.213","4.213","0.00%"
"Jul 28, 2002","4.213","4.213","4.213","4.213","-3.55%"
"Jul 21, 2002","4.368","4.368","4.368","4.368","-3.47%"
"Jul 14, 2002","4.525","4.525","4.525","4.525","-0.77%"
"Jul 07, 2002","4.560","4.560","4.560","4.560","-2.02%"
"Jun 30, 2002","4.654","4.654","4.654","4.654","1.39%"
"Jun 23, 2002","4.590","4.590","4.590","4.590","-0.80%"
"Jun 16, 2002","4.627","4.627","4.627","4.627","0.19%"
"Jun 09, 2002","4.618","4.618","4.618","4.618","-3.97%"
"Jun 02, 2002","4.809","4.809","4.809","4.809","-2.00%"
"May 26, 2002","4.907","4.907","4.907","4.907","0.57%"
"May 19, 2002","4.879","4.879","4.879","4.879","-2.05%"
"May 12, 2002","4.981","4.981","4.981","4.981","1.40%"
"May 05, 2002","4.912","4.912","4.912","4.912","2.29%"
"Apr 28, 2002","4.802","4.802","4.802","4.802","0.59%"
"Apr 21, 2002","4.774","4.774","4.774","4.774","-3.16%"
"Apr 14, 2002","4.930","4.930","4.930","4.930","1.13%"
"Apr 07, 2002","4.875","4.875","4.875","4.875","0.47%"
"Mar 31, 2002","4.852","4.852","4.852","4.852","-3.33%"
"Mar 24, 2002","5.019","5.019","5.019","5.019","-0.04%"
"Mar 17, 2002","5.021","5.021","5.021","5.021","2.51%"
"Mar 10, 2002","4.898","4.898","4.898","4.898","0.45%"
"Mar 03, 2002","4.876","4.876","4.876","4.876","4.93%"
"Feb 24, 2002","4.647","4.647","4.647","4.647","2.33%"
"Feb 17, 2002","4.541","4.541","4.541","4.541","-0.76%"
"Feb 10, 2002","4.576","4.576","4.576","4.576","0.31%"
"Feb 03, 2002","4.562","4.562","4.562","4.562","-0.28%"
"Jan 27, 2002","4.575","4.575","4.575","4.575","-2.01%"
"Jan 20, 2002","4.669","4.669","4.669","4.669","5.85%"
"Jan 13, 2002","4.411","4.411","4.411","4.411","-0.38%"
"Jan 06, 2002","4.428","4.428","4.428","4.428","-2.23%"
"Dec 30, 2001","4.529","4.529","4.529","4.529","0.02%"
"Dec 23, 2001","4.528","4.528","4.528","4.528","1.57%"
"Dec 16, 2001","4.458","4.458","4.458","4.458","2.44%"
"Dec 09, 2001","4.352","4.352","4.352","4.352","-3.01%"
"Dec 02, 2001","4.487","4.487","4.487","4.487","8.04%"
"Nov 25, 2001","4.153","4.153","4.153","4.153","-2.35%"
"Nov 18, 2001","4.253","4.253","4.253","4.253","0.33%"
"Nov 11, 2001","4.239","4.239","4.239","4.239","10.36%"
"Nov 04, 2001","3.841","3.841","3.841","3.841","0.18%"
"Oct 28, 2001","3.834","3.834","3.834","3.834","-4.20%"
"Oct 21, 2001","4.002","4.002","4.002","4.002","-2.70%"
"Oct 14, 2001","4.113","4.113","4.113","4.113","-1.18%"
"Oct 07, 2001","4.162","4.162","4.162","4.162","0.97%"
"Sep 30, 2001","4.122","4.122","4.122","4.122","-3.74%"
"Sep 23, 2001","4.282","4.282","4.282","4.282","-0.16%"
"Sep 16, 2001","4.289","4.289","4.289","4.289","1.20%"
"Sep 09, 2001","4.238","4.238","4.238","4.238","-3.75%"
"Sep 02, 2001","4.403","4.403","4.403","4.403","0.07%"
"Aug 26, 2001","4.400","4.400","4.400","4.400","-3.11%"
"Aug 19, 2001","4.541","4.541","4.541","4.541","3.06%"
"Aug 12, 2001","4.406","4.406","4.406","4.406","-1.37%"
"Aug 05, 2001","4.467","4.467","4.467","4.467","-2.19%"
"Jul 29, 2001","4.567","4.567","4.567","4.567","-0.22%"
"Jul 22, 2001","4.577","4.577","4.577","4.577","-1.51%"
"Jul 15, 2001","4.647","4.647","4.647","4.647","-2.11%"
"Jul 08, 2001","4.747","4.747","4.747","4.747","-0.13%"
"Jul 01, 2001","4.753","4.753","4.753","4.753","-0.19%"
"Jun 24, 2001","4.762","4.762","4.762","4.762","3.45%"
"Jun 17, 2001","4.603","4.603","4.603","4.603","-2.73%"
"Jun 10, 2001","4.732","4.732","4.732","4.732","0.94%"
"Jun 03, 2001","4.688","4.688","4.688","4.688","-0.59%"
"May 27, 2001","4.716","4.716","4.716","4.716","-2.20%"
"May 20, 2001","4.822","4.822","4.822","4.822","2.12%"
"May 13, 2001","4.722","4.722","4.722","4.722","1.50%"
"May 06, 2001","4.652","4.652","4.652","4.652","-0.85%"
"Apr 29, 2001","4.692","4.692","4.692","4.692","-0.11%"
"Apr 22, 2001","4.697","4.697","4.697","4.697","0.54%"
"Apr 15, 2001","4.672","4.672","4.672","4.672","1.83%"
"Apr 08, 2001","4.588","4.588","4.588","4.588","5.13%"
"Apr 01, 2001","4.364","4.364","4.364","4.364","0.55%"
"Mar 25, 2001","4.340","4.340","4.340","4.340","0.72%"
"Mar 18, 2001","4.309","4.309","4.309","4.309","-1.87%"
"Mar 11, 2001","4.391","4.391","4.391","4.391","-2.51%"
"Mar 04, 2001","4.504","4.504","4.504","4.504","-0.62%"
"Feb 25, 2001","4.532","4.532","4.532","4.532","-2.22%"
"Feb 18, 2001","4.635","4.635","4.635","4.635","0.24%"
"Feb 11, 2001","4.624","4.624","4.624","4.624","1.07%"
"Feb 04, 2001","4.575","4.575","4.575","4.575","-0.59%"
"Jan 28, 2001","4.602","4.602","4.602","4.602","-2.40%"
"Jan 21, 2001","4.715","4.715","4.715","4.715","1.75%"
"Jan 14, 2001","4.634","4.634","4.634","4.634","-0.34%"
"Jan 07, 2001","4.650","4.650","4.650","4.650","3.66%"
"Dec 31, 2000","4.486","4.486","4.486","4.486","-3.17%"
"Dec 24, 2000","4.633","4.633","4.633","4.633","-1.03%"
"Dec 17, 2000","4.681","4.681","4.681","4.681","-0.74%"
"Dec 10, 2000","4.716","4.716","4.716","4.716","-2.90%"
"Dec 03, 2000","4.857","4.857","4.857","4.857","-1.34%"
"Nov 26, 2000","4.923","4.923","4.923","4.923","-2.88%"
"Nov 19, 2000","5.069","5.069","5.069","5.069","-0.14%"
"Nov 12, 2000","5.076","5.076","5.076","5.076","-1.03%"
"Nov 05, 2000","5.129","5.129","5.129","5.129","-0.31%"
"Oct 29, 2000","5.145","5.145","5.145","5.145","0.10%"
"Oct 22, 2000","5.140","5.140","5.140","5.140","0.29%"
"Oct 15, 2000","5.125","5.125","5.125","5.125","0.75%"
"Oct 08, 2000","5.087","5.087","5.087","5.087","-1.68%"
"Oct 01, 2000","5.174","5.174","5.174","5.174","-0.42%"
"Sep 24, 2000","5.196","5.196","5.196","5.196","0.21%"
"Sep 17, 2000","5.185","5.185","5.185","5.185","-1.29%"
"Sep 10, 2000","5.253","5.253","5.253","5.253","-1.56%"
"Sep 03, 2000","5.336","5.336","5.336","5.336","2.58%"
"Aug 27, 2000","5.202","5.202","5.202","5.202","-2.49%"
"Aug 20, 2000","5.335","5.335","5.335","5.335","0.76%"
"Aug 13, 2000","5.295","5.295","5.295","5.295","1.32%"
"Aug 06, 2000","5.226","5.226","5.226","5.226","0.56%"
"Jul 30, 2000","5.197","5.197","5.197","5.197","-0.78%"
"Jul 23, 2000","5.238","5.238","5.238","5.238","-1.15%"
"Jul 16, 2000","5.299","5.299","5.299","5.299","-0.77%"
"Jul 09, 2000","5.340","5.340","5.340","5.340","1.73%"
"Jul 02, 2000","5.249","5.249","5.249","5.249","0.85%"
"Jun 25, 2000","5.205","5.205","5.205","5.205","-1.01%"
"Jun 18, 2000","5.258","5.258","5.258","5.258","3.85%"
"Jun 11, 2000","5.063","5.063","5.063","5.063","-1.96%"
"Jun 04, 2000","5.164","5.164","5.164","5.164","2.12%"
"May 28, 2000","5.057","5.057","5.057","5.057","-2.02%"
"May 21, 2000","5.161","5.161","5.161","5.161","-5.23%"
"May 14, 2000","5.446","5.446","5.446","5.446","0.72%"
"May 07, 2000","5.407","5.407","5.407","5.407","0.28%"
"Apr 30, 2000","5.392","5.392","5.392","5.392","3.85%"
"Apr 23, 2000","5.192","5.192","5.192","5.192","1.01%"
"Apr 16, 2000","5.140","5.140","5.140","5.140","0.84%"
"Apr 09, 2000","5.097","5.097","5.097","5.097","1.41%"
"Apr 02, 2000","5.026","5.026","5.026","5.026","-0.53%"
"Mar 26, 2000","5.053","5.053","5.053","5.053","-0.90%"
"Mar 19, 2000","5.099","5.099","5.099","5.099","0.26%"
"Mar 12, 2000","5.086","5.086","5.086","5.086","-1.93%"
"Mar 05, 2000","5.186","5.186","5.186","5.186","-1.44%"
"Feb 27, 2000","5.262","5.262","5.262","5.262","-0.21%"
"Feb 20, 2000","5.273","5.273","5.273","5.273","-1.24%"
"Feb 13, 2000","5.339","5.339","5.339","5.339","-0.45%"
"Feb 06, 2000","5.363","5.363","5.363","5.363","1.32%"
"Jan 30, 2000","5.293","5.293","5.293","5.293","-0.34%"
"Jan 23, 2000","5.311","5.311","5.311","5.311","0.49%"
"Jan 16, 2000","5.285","5.285","5.285","5.285","1.03%"
"Jan 09, 2000","5.231","5.231","5.231","5.231","3.16%"
"Jan 02, 2000","5.071","5.071","5.071","5.071","0.58%"
"Dec 26, 1999","5.042","5.042","5.042","5.042","2.35%"
"Dec 19, 1999","4.926","4.926","4.926","4.926","-0.89%"
"Dec 12, 1999","4.970","4.970","4.970","4.970","7.00%"
"Dec 05, 1999","4.645","4.645","4.645","4.645","-4.25%"
"Nov 28, 1999","4.851","4.851","4.851","4.851","-2.02%"
"Nov 21, 1999","4.951","4.951","4.951","4.951","3.40%"
"Nov 14, 1999","4.788","4.788","4.788","4.788","4.20%"
"Nov 07, 1999","4.595","4.595","4.595","4.595","-2.83%"
"Oct 31, 1999","4.729","4.729","4.729","4.729","-2.72%"
"Oct 24, 1999","4.861","4.861","4.861","4.861","-5.15%"
"Oct 17, 1999","5.125","5.125","5.125","5.125","0.00%"
"Oct 10, 1999","5.125","5.125","5.125","5.125","3.37%"
"Oct 03, 1999","4.958","4.958","4.958","4.958","1.52%"
"Sep 26, 1999","4.884","4.884","4.884","4.884","6.29%"
"Sep 19, 1999","4.595","4.595","4.595","4.595","-2.03%"
"Sep 12, 1999","4.690","4.690","4.690","4.690","-0.02%"
"Sep 05, 1999","4.691","4.691","4.691","4.691","2.63%"
"Aug 29, 1999","4.571","4.571","4.571","4.571","3.84%"
"Aug 22, 1999","4.402","4.402","4.402","4.402","1.34%"
"Aug 15, 1999","4.344","4.344","4.344","4.344","-3.08%"
"Aug 08, 1999","4.482","4.482","4.482","4.482","-4.58%"
"Aug 01, 1999","4.697","4.697","4.697","4.697","6.58%"
"Jul 25, 1999","4.407","4.407","4.407","4.407","4.31%"
"Jul 18, 1999","4.225","4.225","4.225","4.225","-1.77%"
"Jul 11, 1999","4.301","4.301","4.301","4.301","-0.37%"
"Jul 04, 1999","4.317","4.317","4.317","4.317","4.93%"
"Jun 27, 1999","4.114","4.114","4.114","4.114","-0.07%"
"Jun 20, 1999","4.117","4.117","4.117","4.117","8.60%"
"Jun 13, 1999","3.791","3.791","3.791","3.791","-3.36%"
"Jun 06, 1999","3.923","3.923","3.923","3.923","17.38%"
"May 30, 1999","3.342","3.342","3.342","3.342","-0.36%"
"May 23, 1999","3.354","3.354","3.354","3.354","-0.33%"
"May 16, 1999","3.365","3.365","3.365","3.365","-0.33%"
"May 09, 1999","3.376","3.376","3.376","3.376","-2.26%"
"May 02, 1999","3.454","3.454","3.454","3.454","1.38%"
"Apr 25, 1999","3.407","3.407","3.407","3.407","0.83%"
"Apr 18, 1999","3.379","3.379","3.379","3.379","-2.68%"
"Apr 11, 1999","3.472","3.472","3.472","3.472","1.67%"
"Apr 04, 1999","3.415","3.415","3.415","3.415","-4.66%"
"Mar 28, 1999","3.582","3.582","3.582","3.582","-2.85%"
"Mar 21, 1999","3.687","3.687","3.687","3.687","3.28%"
"Mar 14, 1999","3.570","3.570","3.570","3.570","-2.14%"
"Mar 07, 1999","3.648","3.648","3.648","3.648","-1.67%"
"Feb 28, 1999","3.710","3.710","3.710","3.710","-0.96%"
"Feb 21, 1999","3.746","3.746","3.746","3.746","4.32%"
"Feb 14, 1999","3.591","3.591","3.591","3.591","-0.28%"
"Feb 07, 1999","3.601","3.601","3.601","3.601","2.39%"
"Jan 31, 1999","3.517","3.517","3.517","3.517","3.65%"
"Jan 24, 1999","3.393","3.393","3.393","3.393","0.38%"
"Jan 17, 1999","3.380","3.380","3.380","3.380","-1.72%"
"Jan 10, 1999","3.439","3.439","3.439","3.439","-0.43%"
"Jan 03, 1999","3.454","3.454","3.454","3.454","-2.68%"
"Dec 27, 1998","3.549","3.549","3.549","3.549","-1.17%"
"Dec 20, 1998","3.591","3.591","3.591","3.591","1.99%"
"Dec 13, 1998","3.521","3.521","3.521","3.521","0.20%"
"Dec 06, 1998","3.514","3.514","3.514","3.514","-3.83%"
"Nov 29, 1998","3.654","3.654","3.654","3.654","-2.51%"
"Nov 22, 1998","3.748","3.748","3.748","3.748","-1.83%"
"Nov 15, 1998","3.818","3.818","3.818","3.818","-3.93%"
"Nov 08, 1998","3.974","3.974","3.974","3.974","-2.19%"
"Nov 01, 1998","4.063","4.063","4.063","4.063","4.07%"
"Oct 25, 1998","3.904","3.904","3.904","3.904","-0.10%"
"Oct 18, 1998","3.908","3.908","3.908","3.908","0.88%"
"Oct 11, 1998","3.874","3.874","3.874","3.874","-3.78%"
"Oct 04, 1998","4.026","4.026","4.026","4.026","10.54%"
"Sep 27, 1998","3.642","3.642","3.642","3.642","-4.33%"
"Sep 20, 1998","3.807","3.807","3.807","3.807","-1.37%"
"Sep 13, 1998","3.860","3.860","3.860","3.860","2.36%"
"Sep 06, 1998","3.771","3.771","3.771","3.771","-6.43%"
"Aug 30, 1998","4.030","4.030","4.030","4.030","0.78%"
"Aug 23, 1998","3.999","3.999","3.999","3.999","-1.94%"
"Aug 16, 1998","4.078","4.078","4.078","4.078","-4.36%"
"Aug 09, 1998","4.264","4.264","4.264","4.264","-2.11%"
"Aug 02, 1998","4.356","4.356","4.356","4.356","-2.38%"
"Jul 26, 1998","4.462","4.462","4.462","4.462","0.02%"
"Jul 19, 1998","4.461","4.461","4.461","4.461","-0.69%"
"Jul 12, 1998","4.492","4.492","4.492","4.492","0.76%"
"Jul 05, 1998","4.458","4.458","4.458","4.458","-0.89%"
"Jun 28, 1998","4.498","4.498","4.498","4.498","-0.82%"
"Jun 21, 1998","4.535","4.535","4.535","4.535","-1.35%"
"Jun 14, 1998","4.597","4.597","4.597","4.597","0.90%"
"Jun 07, 1998","4.556","4.556","4.556","4.556","-1.70%"
"May 31, 1998","4.635","4.635","4.635","4.635","1.16%"
"May 24, 1998","4.582","4.582","4.582","4.582","-2.68%"
"May 17, 1998","4.708","4.708","4.708","4.708","-1.61%"
"May 10, 1998","4.785","4.785","4.785","4.785","0.95%"
"May 03, 1998","4.740","4.740","4.740","4.740","1.28%"
"Apr 26, 1998","4.680","4.680","4.680","4.680","-0.66%"
"Apr 19, 1998","4.711","4.711","4.711","4.711","0.68%"
"Apr 12, 1998","4.679","4.679","4.679","4.679","0.65%"
"Apr 05, 1998","4.649","4.649","4.649","4.649","1.37%"
"Mar 29, 1998","4.586","4.586","4.586","4.586","-0.67%"
"Mar 22, 1998","4.617","4.617","4.617","4.617","0.44%"
"Mar 15, 1998","4.597","4.597","4.597","4.597","0.26%"
"Mar 08, 1998","4.585","4.585","4.585","4.585","-1.78%"
"Mar 01, 1998","4.668","4.668","4.668","4.668","0.86%"
"Feb 22, 1998","4.628","4.628","4.628","4.628","0.00%"
"Feb 15, 1998","4.628","4.628","4.628","4.628","-0.52%"
"Feb 08, 1998","4.652","4.652","4.652","4.652","-1.67%"
"Feb 01, 1998","4.731","4.731","4.731","4.731","-6.22%"
"Jan 25, 1998","5.045","5.045","5.045","5.045","5.26%"
"Jan 18, 1998","4.793","4.793","4.793","4.793","1.44%"
"Jan 11, 1998","4.725","4.725","4.725","4.725","-1.48%"
"Jan 04, 1998","4.796","4.796","4.796","4.796","-3.54%"
"Dec 28, 1997","4.972","4.972","4.972","4.972","1.66%"
"Dec 21, 1997","4.891","4.891","4.891","4.891","-0.81%"
"Dec 14, 1997","4.931","4.931","4.931","4.931","-2.59%"
"Dec 07, 1997","5.062","5.062","5.062","5.062","-1.61%"
"Nov 30, 1997","5.145","5.145","5.145","5.145","-0.58%"
"Nov 23, 1997","5.175","5.175","5.175","5.175","-1.24%"
"Nov 16, 1997","5.240","5.240","5.240","5.240","-0.10%"
"Nov 09, 1997","5.245","5.245","5.245","5.245","0.73%"
"Nov 02, 1997","5.207","5.207","5.207","5.207","1.42%"
"Oct 26, 1997","5.134","5.134","5.134","5.134","-2.77%"
"Oct 19, 1997","5.280","5.280","5.280","5.280","-1.31%"
"Oct 12, 1997","5.350","5.350","5.350","5.350","1.90%"
"Oct 05, 1997","5.250","5.250","5.250","5.250","6.45%"
"Sep 28, 1997","4.932","4.932","4.932","4.932","-2.26%"
"Sep 21, 1997","5.046","5.046","5.046","5.046","0.08%"
"Sep 14, 1997","5.042","5.042","5.042","5.042","-0.10%"
"Sep 07, 1997","5.047","5.047","5.047","5.047","-1.58%"
"Aug 31, 1997","5.128","5.128","5.128","5.128","0.25%"
"Aug 24, 1997","5.115","5.115","5.115","5.115","-0.45%"
"Aug 17, 1997","5.138","5.138","5.138","5.138","0.75%"
"Aug 10, 1997","5.100","5.100","5.100","5.100","1.01%"
"Aug 03, 1997","5.049","5.049","5.049","5.049","1.22%"
"Jul 27, 1997","4.988","4.988","4.988","4.988","1.40%"
"Jul 20, 1997","4.919","4.919","4.919","4.919","1.09%"
"Jul 13, 1997","4.866","4.866","4.866","4.866","1.35%"
"Jul 06, 1997","4.801","4.801","4.801","4.801","-1.42%"
"Jun 29, 1997","4.870","4.870","4.870","4.870","-1.12%"
"Jun 22, 1997","4.925","4.925","4.925","4.925","-1.48%"
"Jun 15, 1997","4.999","4.999","4.999","4.999","0.62%"
"Jun 08, 1997","4.968","4.968","4.968","4.968","-1.35%"
"Jun 01, 1997","5.036","5.036","5.036","5.036","-3.19%"
"May 25, 1997","5.202","5.202","5.202","5.202","0.85%"
"May 18, 1997","5.158","5.158","5.158","5.158","1.54%"
"May 11, 1997","5.080","5.080","5.080","5.080","-0.12%"
"May 04, 1997","5.086","5.086","5.086","5.086","0.04%"
"Apr 27, 1997","5.084","5.084","5.084","5.084","-2.23%"
"Apr 20, 1997","5.200","5.200","5.200","5.200","1.15%"
"Apr 13, 1997","5.141","5.141","5.141","5.141","-2.71%"
"Apr 06, 1997","5.284","5.284","5.284","5.284","-0.58%"
"Mar 30, 1997","5.315","5.315","5.315","5.315","1.86%"
"Mar 23, 1997","5.218","5.218","5.218","5.218","-0.17%"
"Mar 16, 1997","5.227","5.227","5.227","5.227","3.73%"
"Mar 09, 1997","5.039","5.039","5.039","5.039","0.26%"
"Mar 02, 1997","5.026","5.026","5.026","5.026","2.49%"
"Feb 23, 1997","4.904","4.904","4.904","4.904","1.24%"
"Feb 16, 1997","4.844","4.844","4.844","4.844","0.92%"
"Feb 09, 1997","4.800","4.800","4.800","4.800","-2.81%"
"Feb 02, 1997","4.939","4.939","4.939","4.939","-0.28%"
"Jan 26, 1997","4.953","4.953","4.953","4.953","-2.04%"
"Jan 19, 1997","5.056","5.056","5.056","5.056","1.57%"
"Jan 12, 1997","4.978","4.978","4.978","4.978","-3.66%"
"Jan 05, 1997","5.167","5.167","5.167","5.167","-1.92%"
"Dec 29, 1996","5.268","5.268","5.268","5.268","1.58%"
"Dec 22, 1996","5.186","5.186","5.186","5.186","-0.80%"
"Dec 15, 1996","5.228","5.228","5.228","5.228","-0.32%"
"Dec 08, 1996","5.245","5.245","5.245","5.245","0.06%"
"Dec 01, 1996","5.242","5.242","5.242","5.242","4.92%"
"Nov 24, 1996","4.996","4.996","4.996","4.996","-4.36%"
"Nov 17, 1996","5.224","5.224","5.224","5.224","-0.04%"
"Nov 10, 1996","5.226","5.226","5.226","5.226","-1.75%"
"Nov 03, 1996","5.319","5.319","5.319","5.319","-2.35%"
"Oct 27, 1996","5.447","5.447","5.447","5.447","2.25%"
"Oct 20, 1996","5.327","5.327","5.327","5.327","0.66%"
"Oct 13, 1996","5.292","5.292","5.292","5.292","-0.49%"
"Oct 06, 1996","5.318","5.318","5.318","5.318","0.83%"
"Sep 29, 1996","5.274","5.274","5.274","5.274","-3.37%"
"Sep 22, 1996","5.458","5.458","5.458","5.458","0.37%"
"Sep 15, 1996","5.438","5.438","5.438","5.438","0.15%"
"Sep 08, 1996","5.430","5.430","5.430","5.430","-3.43%"
"Sep 01, 1996","5.623","5.623","5.623","5.623","-1.04%"
"Aug 25, 1996","5.682","5.682","5.682","5.682","-0.66%"
"Aug 18, 1996","5.720","5.720","5.720","5.720","2.47%"
"Aug 11, 1996","5.582","5.582","5.582","5.582","-1.26%"
"Aug 04, 1996","5.653","5.653","5.653","5.653","-0.18%"
"Jul 28, 1996","5.663","5.663","5.663","5.663","-2.70%"
"Jul 21, 1996","5.820","5.820","5.820","5.820","0.41%"
"Jul 14, 1996","5.796","5.796","5.796","5.796","-2.01%"
"Jul 07, 1996","5.915","5.915","5.915","5.915","-2.73%"
"Jun 30, 1996","6.081","6.081","6.081","6.081","3.03%"
"Jun 23, 1996","5.902","5.902","5.902","5.902","-1.49%"
"Jun 16, 1996","5.991","5.991","5.991","5.991","-0.28%"
"Jun 09, 1996","6.008","6.008","6.008","6.008","3.53%"
"Jun 02, 1996","5.803","5.803","5.803","5.803","0.00%"
"May 26, 1996","5.803","5.803","5.803","5.803","1.82%"
"May 19, 1996","5.699","5.699","5.699","5.699","1.73%"
"May 12, 1996","5.602","5.602","5.602","5.602","-0.41%"
"May 05, 1996","5.625","5.625","5.625","5.625","-2.68%"
"Apr 28, 1996","5.780","5.780","5.780","5.780","4.05%"
"Apr 21, 1996","5.555","5.555","5.555","5.555","-1.03%"
"Apr 14, 1996","5.613","5.613","5.613","5.613","-2.11%"
"Apr 07, 1996","5.734","5.734","5.734","5.734","0.49%"
"Mar 31, 1996","5.706","5.706","5.706","5.706","-0.51%"
"Mar 24, 1996","5.735","5.735","5.735","5.735","-1.29%"
"Mar 17, 1996","5.810","5.810","5.810","5.810","-1.66%"
"Mar 10, 1996","5.908","5.908","5.908","5.908","0.25%"
"Mar 03, 1996","5.893","5.893","5.893","5.893","3.91%"
"Feb 25, 1996","5.671","5.671","5.671","5.671","-1.08%"
"Feb 18, 1996","5.733","5.733","5.733","5.733","3.41%"
"Feb 11, 1996","5.544","5.544","5.544","5.544","0.84%"
"Feb 04, 1996","5.498","5.498","5.498","5.498","1.44%"
"Jan 28, 1996","5.420","5.420","5.420","5.420","3.20%"
"Jan 21, 1996","5.252","5.252","5.252","5.252","5.84%"
"Jan 14, 1996","4.962","4.962","4.962","4.962","-2.15%"
"Jan 07, 1996","5.071","5.071","5.071","5.071","-3.74%"
"Dec 31, 1995","5.268","5.268","5.268","5.268","-0.92%"
"Dec 24, 1995","5.317","5.317","5.317","5.317","-1.35%"
"Dec 17, 1995","5.390","5.390","5.390","5.390","1.05%"
"Dec 10, 1995","5.334","5.334","5.334","5.334","-2.84%"
"Dec 03, 1995","5.490","5.490","5.490","5.490","2.33%"
"Nov 26, 1995","5.365","5.365","5.365","5.365","-3.23%"
"Nov 19, 1995","5.544","5.544","5.544","5.544","-1.51%"
"Nov 12, 1995","5.629","5.629","5.629","5.629","-0.99%"
"Nov 05, 1995","5.685","5.685","5.685","5.685","-2.10%"
"Oct 29, 1995","5.807","5.807","5.807","5.807","-1.49%"
"Oct 22, 1995","5.895","5.895","5.895","5.895","-0.61%"
"Oct 15, 1995","5.931","5.931","5.931","5.931","-1.00%"
"Oct 08, 1995","5.991","5.991","5.991","5.991","-0.60%"
"Oct 01, 1995","6.027","6.027","6.027","6.027","-1.65%"
"Sep 24, 1995","6.128","6.128","6.128","6.128","1.26%"
"Sep 17, 1995","6.052","6.052","6.052","6.052","0.50%"
"Sep 10, 1995","6.022","6.022","6.022","6.022","-1.79%"
"Sep 03, 1995","6.132","6.132","6.132","6.132","-0.73%"
"Aug 27, 1995","6.177","6.177","6.177","6.177","-1.92%"
"Aug 20, 1995","6.298","6.298","6.298","6.298","-1.62%"
"Aug 13, 1995","6.402","6.402","6.402","6.402","0.23%"
"Aug 06, 1995","6.387","6.387","6.387","6.387","1.24%"
"Jul 30, 1995","6.309","6.309","6.309","6.309","-2.79%"
"Jul 23, 1995","6.490","6.490","6.490","6.490","-1.34%"
"Jul 16, 1995","6.578","6.578","6.578","6.578","1.56%"
"Jul 09, 1995","6.477","6.477","6.477","6.477","1.14%"
"Jul 02, 1995","6.404","6.404","6.404","6.404","-3.94%"
"Jun 25, 1995","6.667","6.667","6.667","6.667","3.57%"
"Jun 18, 1995","6.437","6.437","6.437","6.437","-0.09%"
"Jun 11, 1995","6.443","6.443","6.443","6.443","0.02%"
"Jun 04, 1995","6.442","6.442","6.442","6.442","4.71%"
"May 28, 1995","6.152","6.152","6.152","6.152","-2.50%"
"May 21, 1995","6.310","6.310","6.310","6.310","-2.44%"
"May 14, 1995","6.468","6.468","6.468","6.468","-1.70%"
"May 07, 1995","6.580","6.580","6.580","6.580","1.28%"
"Apr 30, 1995","6.497","6.497","6.497","6.497","-2.42%"
"Apr 23, 1995","6.658","6.658","6.658","6.658","0.03%"
"Apr 16, 1995","6.656","6.656","6.656","6.656","-0.54%"
"Apr 09, 1995","6.692","6.692","6.692","6.692","-0.27%"
"Apr 02, 1995","6.710","6.710","6.710","6.710","-1.45%"
"Mar 26, 1995","6.809","6.809","6.809","6.809","-0.58%"
"Mar 19, 1995","6.849","6.849","6.849","6.849","-1.55%"
"Mar 12, 1995","6.957","6.957","6.957","6.957","-2.60%"
"Mar 05, 1995","7.143","7.143","7.143","7.143","-0.54%"
"Feb 26, 1995","7.182","7.182","7.182","7.182","-0.66%"
"Feb 19, 1995","7.230","7.230","7.230","7.230","-0.21%"
"Feb 12, 1995","7.245","7.245","7.245","7.245","-0.08%"
"Feb 05, 1995","7.251","7.251","7.251","7.251","-0.60%"
"Jan 29, 1995","7.295","7.295","7.295","7.295","-0.42%"
"Jan 22, 1995","7.326","7.326","7.326","7.326","-1.25%"
"Jan 15, 1995","7.419","7.419","7.419","7.419","-6.27%"
"Jan 08, 1995","7.915","7.915","7.915","7.915","5.13%"
"Jan 01, 1995","7.529","7.529","7.529","7.529","-0.74%"
"Dec 25, 1994","7.585","7.585","7.585","7.585","2.43%"
"Dec 18, 1994","7.405","7.405","7.405","7.405","-0.19%"
"Dec 11, 1994","7.419","7.419","7.419","7.419","2.81%"
"Dec 04, 1994","7.216","7.216","7.216","7.216","1.59%"
"Nov 27, 1994","7.103","7.103","7.103","7.103","0.11%"
"Nov 20, 1994","7.095","7.095","7.095","7.095","-3.40%"
"Nov 13, 1994","7.345","7.345","7.345","7.345","0.69%"
"Nov 06, 1994","7.295","7.295","7.295","7.295","-1.06%"
"Oct 30, 1994","7.373","7.373","7.373","7.373","-0.16%"
"Oct 23, 1994","7.385","7.385","7.385","7.385","0.65%"
"Oct 16, 1994","7.337","7.337","7.337","7.337","2.10%"
"Oct 09, 1994","7.186","7.186","7.186","7.186","-4.35%"
"Oct 02, 1994","7.513","7.513","7.513","7.513","1.29%"
"Sep 25, 1994","7.417","7.417","7.417","7.417","0.47%"
"Sep 18, 1994","7.382","7.382","7.382","7.382","-1.53%"
"Sep 11, 1994","7.497","7.497","7.497","7.497","1.53%"
"Sep 04, 1994","7.384","7.384","7.384","7.384","3.14%"
"Aug 28, 1994","7.159","7.159","7.159","7.159","1.27%"
"Aug 21, 1994","7.069","7.069","7.069","7.069","-0.42%"
"Aug 14, 1994","7.099","7.099","7.099","7.099","0.61%"
"Aug 07, 1994","7.056","7.056","7.056","7.056","4.63%"
"Jul 31, 1994","6.744","6.744","6.744","6.744","1.67%"
"Jul 24, 1994","6.633","6.633","6.633","6.633","0.93%"
"Jul 17, 1994","6.572","6.572","6.572","6.572","0.17%"
"Jul 10, 1994","6.561","6.561","6.561","6.561","-2.80%"
"Jul 03, 1994","6.750","6.750","6.750","6.750","-1.33%"
"Jun 26, 1994","6.841","6.841","6.841","6.841","-0.73%"
"Jun 19, 1994","6.891","6.891","6.891","6.891","-0.59%"
"Jun 12, 1994","6.932","6.932","6.932","6.932","5.00%"
"Jun 05, 1994","6.602","6.602","6.602","6.602","-1.17%"
"May 29, 1994","6.680","6.680","6.680","6.680","1.94%"
"May 22, 1994","6.553","6.553","6.553","6.553","5.34%"
"May 15, 1994","6.221","6.221","6.221","6.221","-0.16%"
"May 08, 1994","6.231","6.231","6.231","6.231","0.05%"
"May 01, 1994","6.228","6.228","6.228","6.228","0.44%"
"Apr 24, 1994","6.201","6.201","6.201","6.201","-0.19%"
"Apr 17, 1994","6.213","6.213","6.213","6.213","4.86%"
"Apr 10, 1994","5.925","5.925","5.925","5.925","0.95%"
"Apr 03, 1994","5.869","5.869","5.869","5.869","-1.20%"
"Mar 27, 1994","5.940","5.940","5.940","5.940","-1.20%"
"Mar 20, 1994","6.012","6.012","6.012","6.012","2.14%"
"Mar 13, 1994","5.886","5.886","5.886","5.886","-0.86%"
"Mar 06, 1994","5.937","5.937","5.937","5.937","-0.40%"
"Feb 27, 1994","5.961","5.961","5.961","5.961","0.51%"
"Feb 20, 1994","5.931","5.931","5.931","5.931","6.27%"
"Feb 13, 1994","5.581","5.581","5.581","5.581","1.82%"
"Feb 06, 1994","5.481","5.481","5.481","5.481","2.78%"
"Jan 30, 1994","5.333","5.333","5.333","5.333","-0.04%"
"Jan 23, 1994","5.335","5.335","5.335","5.335","0.93%"
"Jan 16, 1994","5.286","5.286","5.286","5.286","1.13%"
"Jan 09, 1994","5.227","5.227","5.227","5.227","0.73%"
"Jan 02, 1994","5.189","5.189","5.189","5.189","-0.50%"
"Dec 26, 1993","5.215","5.215","5.215","5.215","-0.82%"
"Dec 19, 1993","5.258","5.258","5.258","5.258","-0.13%"
"Dec 12, 1993","5.265","5.265","5.265","5.265","0.55%"
"Dec 05, 1993","5.236","5.236","5.236","5.236","-1.36%"
"Nov 28, 1993","5.308","5.308","5.308","5.308","-0.28%"
"Nov 21, 1993","5.323","5.323","5.323","5.323","0.19%"
"Nov 14, 1993","5.313","5.313","5.313","5.313","-2.03%"
"Nov 07, 1993","5.423","5.423","5.423","5.423","-0.02%"
"Oct 31, 1993","5.424","5.424","5.424","5.424","-0.68%"
"Oct 24, 1993","5.461","5.461","5.461","5.461","-0.11%"
"Oct 17, 1993","5.467","5.467","5.467","5.467","-2.50%"
"Oct 10, 1993","5.607","5.607","5.607","5.607","-1.58%"
"Oct 03, 1993","5.697","5.697","5.697","5.697","-1.59%"
"Sep 26, 1993","5.789","5.789","5.789","5.789","-0.92%"
"Sep 19, 1993","5.843","5.843","5.843","5.843","0.93%"
"Sep 12, 1993","5.789","5.789","5.789","5.789","-0.34%"
"Sep 05, 1993","5.809","5.809","5.809","5.809","-1.11%"
"Aug 29, 1993","5.874","5.874","5.874","5.874","-1.28%"
"Aug 22, 1993","5.950","5.950","5.950","5.950","-0.87%"
"Aug 15, 1993","6.002","6.002","6.002","6.002","0.37%"
"Aug 08, 1993","5.980","5.980","5.980","5.980","-0.65%"
"Aug 01, 1993","6.019","6.019","6.019","6.019","-2.79%"
"Jul 25, 1993","6.192","6.192","6.192","6.192","-0.26%"
"Jul 18, 1993","6.208","6.208","6.208","6.208","-0.37%"
"Jul 11, 1993","6.231","6.231","6.231","6.231","-0.72%"
"Jul 04, 1993","6.276","6.276","6.276","6.276","-1.69%"
"Jun 27, 1993","6.384","6.384","6.384","6.384","-0.22%"
"Jun 20, 1993","6.398","6.398","6.398","6.398","0.19%"
"Jun 13, 1993","6.386","6.386","6.386","6.386","-1.65%"
"Jun 06, 1993","6.493","6.493","6.493","6.493","-0.73%"
"May 30, 1993","6.541","6.541","6.541","6.541","0.38%"
"May 23, 1993","6.516","6.516","6.516","6.516","-0.53%"
"May 16, 1993","6.551","6.551","6.551","6.551","3.13%"
"May 09, 1993","6.352","6.352","6.352","6.352","-0.05%"
"May 02, 1993","6.355","6.355","6.355","6.355","-1.29%"
"Apr 25, 1993","6.438","6.438","6.438","6.438","2.14%"
"Apr 18, 1993","6.303","6.303","6.303","6.303","1.29%"
"Apr 11, 1993","6.223","6.223","6.223","6.223","-0.11%"
"Apr 04, 1993","6.230","6.230","6.230","6.230","-1.81%"
"Mar 28, 1993","6.345","6.345","6.345","6.345","0.87%"
"Mar 21, 1993","6.290","6.290","6.290","6.290","1.96%"
"Mar 14, 1993","6.169","6.169","6.169","6.169","1.35%"
"Mar 07, 1993","6.087","6.087","6.087","6.087","-2.06%"
"Feb 28, 1993","6.215","6.215","6.215","6.215","-2.00%"
"Feb 21, 1993","6.342","6.342","6.342","6.342","-2.45%"
"Feb 14, 1993","6.501","6.501","6.501","6.501","-2.31%"
"Feb 07, 1993","6.655","6.655","6.655","6.655","-0.91%"
"Jan 31, 1993","6.716","6.716","6.716","6.716","-2.07%"
"Jan 24, 1993","6.858","6.858","6.858","6.858","-0.25%"
"Jan 17, 1993","6.875","6.875","6.875","6.875","0.44%"
"Jan 10, 1993","6.845","6.845","6.845","6.845","-0.18%"
"Jan 03, 1993","6.857","6.857","6.857","6.857","-1.52%"
"Dec 27, 1992","6.963","6.963","6.963","6.963","-0.61%"
"Dec 20, 1992","7.006","7.006","7.006","7.006","-1.49%"
"Dec 13, 1992","7.112","7.112","7.112","7.112","-1.37%"
"Dec 06, 1992","7.211","7.211","7.211","7.211","0.04%"
"Nov 29, 1992","7.208","7.208","7.208","7.208","0.64%"
"Nov 22, 1992","7.162","7.162","7.162","7.162","-0.28%"
"Nov 15, 1992","7.182","7.182","7.182","7.182","-0.08%"
"Nov 08, 1992","7.188","7.188","7.188","7.188","-0.29%"
"Nov 01, 1992","7.209","7.209","7.209","7.209","-0.30%"
"Oct 25, 1992","7.231","7.231","7.231","7.231","0.71%"
"Oct 18, 1992","7.180","7.180","7.180","7.180","-2.96%"
"Oct 11, 1992","7.399","7.399","7.399","7.399","-1.02%"
"Oct 04, 1992","7.475","7.475","7.475","7.475","-1.63%"
"Sep 27, 1992","7.599","7.599","7.599","7.599","-1.48%"
"Sep 20, 1992","7.713","7.713","7.713","7.713","0.25%"
"Sep 13, 1992","7.694","7.694","7.694","7.694","-5.92%"
"Sep 06, 1992","8.178","8.178","8.178","8.178","-1.84%"
"Aug 30, 1992","8.331","8.331","8.331","8.331","0.68%"
"Aug 23, 1992","8.275","8.275","8.275","8.275","-0.60%"
"Aug 16, 1992","8.325","8.325","8.325","8.325","0.01%"
"Aug 09, 1992","8.324","8.324","8.324","8.324","-0.82%"
"Aug 02, 1992","8.393","8.393","8.393","8.393","-0.01%"
"Jul 26, 1992","8.394","8.394","8.394","8.394","0.25%"
"Jul 19, 1992","8.373","8.373","8.373","8.373","0.44%"
"Jul 12, 1992","8.336","8.336","8.336","8.336","1.13%"
"Jul 05, 1992","8.243","8.243","8.243","8.243","-0.08%"
"Jun 28, 1992","8.250","8.250","8.250","8.250","-1.16%"
"Jun 21, 1992","8.347","8.347","8.347","8.347","1.04%"
"Jun 14, 1992","8.261","8.261","8.261","8.261","0.33%"
"Jun 07, 1992","8.234","8.234","8.234","8.234","0.01%"
"May 31, 1992","8.233","8.233","8.233","8.233","0.50%"
"May 24, 1992","8.192","8.192","8.192","8.192","0.12%"
"May 17, 1992","8.182","8.182","8.182","8.182","-0.07%"
"May 10, 1992","8.188","8.188","8.188","8.188","0.43%"
"May 03, 1992","8.153","8.153","8.153","8.153","-0.15%"
"Apr 26, 1992","8.165","8.165","8.165","8.165","0.44%"
"Apr 19, 1992","8.129","8.129","8.129","8.129","0.51%"
"Apr 12, 1992","8.088","8.088","8.088","8.088","0.27%"
"Apr 05, 1992","8.066","8.066","8.066","8.066","-1.39%"
"Mar 29, 1992","8.180","8.180","8.180","8.180","-0.12%"
"Mar 22, 1992","8.190","8.190","8.190","8.190","1.29%"
"Mar 15, 1992","8.086","8.086","8.086","8.086","1.00%"
"Mar 08, 1992","8.006","8.006","8.006","8.006","0.19%"
"Mar 01, 1992","7.991","7.991","7.991","7.991","-0.09%"
"Feb 23, 1992","7.998","7.998","7.998","7.998","-0.57%"
"Feb 16, 1992","8.044","8.044","8.044","8.044","0.41%"
"Feb 09, 1992","8.011","8.011","8.011","8.011","-0.45%"
"Feb 02, 1992","8.047","8.047","8.047","8.047","0.14%"
"Jan 26, 1992","8.036","8.036","8.036","8.036","0.44%"
"Jan 19, 1992","8.001","8.001","8.001","8.001","-0.92%"
"Jan 12, 1992","8.075","8.075","8.075","8.075","-1.74%"
"Jan 05, 1992","8.218","8.218","8.218","8.218","-2.33%"
"Dec 29, 1991","8.414","8.414","8.414","8.414","-0.92%"
"Dec 22, 1991","8.492","8.492","8.492","8.492","0.01%"
"Dec 15, 1991","8.491","8.491","8.491","8.491","-0.47%"
"Dec 08, 1991","8.531","8.531","8.531","8.531","-0.56%"
"Dec 01, 1991","8.579","8.579","8.579","8.579","-0.83%"
"Nov 24, 1991","8.651","8.651","8.651","8.651","0.57%"
"Nov 17, 1991","8.602","8.602","8.602","8.602","0.10%"
"Nov 10, 1991","8.593","8.593","8.593","8.593","-0.39%"
"Nov 03, 1991","8.627","8.627","8.627","8.627","-0.74%"
"Oct 27, 1991","8.691","8.691","8.691","8.691","0.81%"
"Oct 20, 1991","8.621","8.621","8.621","8.621","0.57%"
"Oct 13, 1991","8.572","8.572","8.572","8.572","0.34%"
"Oct 06, 1991","8.543","8.543","8.543","8.543","-0.93%"
"Sep 29, 1991","8.623","8.623","8.623","8.623","-1.23%"
"Sep 22, 1991","8.730","8.730","8.730","8.730","0.16%"
"Sep 15, 1991","8.716","8.716","8.716","8.716","0.23%"
"Sep 08, 1991","8.696","8.696","8.696","8.696","-0.24%"
"Sep 01, 1991","8.717","8.717","8.717","8.717","-0.10%"
"Aug 25, 1991","8.726","8.726","8.726","8.726","-0.31%"
"Aug 18, 1991","8.753","8.753","8.753","8.753","-0.42%"
"Aug 11, 1991","8.790","8.790","8.790","8.790","-1.21%"
"Aug 04, 1991","8.898","8.898","8.898","8.898","-0.07%"
"Jul 28, 1991","8.904","8.904","8.904","8.904","-0.79%"
"Jul 21, 1991","8.975","8.975","8.975","8.975","4.76%"
"Jul 14, 1991","8.567","8.567","8.567","8.567","1.34%"
"Jul 07, 1991","8.454","8.454","8.454","8.454","-0.14%"
"Jun 30, 1991","8.466","8.466","8.466","8.466","0.82%"
"Jun 23, 1991","8.397","8.397","8.397","8.397","1.84%"
"Jun 16, 1991","8.245","8.245","8.245","8.245","0.38%"
"Jun 09, 1991","8.214","8.214","8.214","8.214","0.02%"
"Jun 02, 1991","8.212","8.212","8.212","8.212","0.79%"
"May 26, 1991","8.148","8.148","8.148","8.148","-0.51%"
"May 19, 1991","8.190","8.190","8.190","8.190","-4.58%"
"May 12, 1991","8.583","8.583","8.583","8.583","0.37%"
"May 05, 1991","8.551","8.551","8.551","8.551","0.13%"
"Apr 28, 1991","8.540","8.540","8.540","8.540","-0.92%"
"Apr 21, 1991","8.619","8.619","8.619","8.619","0.56%"
"Apr 14, 1991","8.571","8.571","8.571","8.571","1.10%"
"Apr 07, 1991","8.478","8.478","8.478","8.478","-0.83%"
"Mar 31, 1991","8.549","8.549","8.549","8.549","-1.33%"
"Mar 24, 1991","8.664","8.664","8.664","8.664","0.55%"
"Mar 17, 1991","8.617","8.617","8.617","8.617","1.30%"
"Mar 10, 1991","8.506","8.506","8.506","8.506","0.96%"
"Mar 03, 1991","8.425","8.425","8.425","8.425","-1.77%"
"Feb 24, 1991","8.577","8.577","8.577","8.577","0.25%"
"Feb 17, 1991","8.556","8.556","8.556","8.556","0.85%"
"Feb 10, 1991","8.484","8.484","8.484","8.484","-2.76%"
"Feb 03, 1991","8.725","8.725","8.725","8.725","-1.90%"
"Jan 27, 1991","8.894","8.894","8.894","8.894","-0.99%"
"Jan 20, 1991","8.983","8.983","8.983","8.983","-2.35%"
"Jan 13, 1991","9.199","9.199","9.199","9.199","0.17%"
"Jan 06, 1991","9.183","9.183","9.183","9.183","-0.23%"